--
-- PostgreSQL database dump
--

SET statement_timeout = 0;
SET client_encoding = 'UTF8';
SET standard_conforming_strings = off;
SET check_function_bodies = false;
SET client_min_messages = warning;
SET escape_string_warning = off;

SET search_path = public, pg_catalog;

--
-- Name: textcat_all(text); Type: AGGREGATE; Schema: public; Owner: x721demouser
--

CREATE AGGREGATE textcat_all(text) (
    SFUNC = textcat,
    STYPE = text,
    INITCOND = ''
);


ALTER AGGREGATE public.textcat_all(text) OWNER TO x721demouser;

--
-- Name: textcat_all_three(text); Type: AGGREGATE; Schema: public; Owner: x721demouser
--

CREATE AGGREGATE textcat_all_three(text) (
    SFUNC = textcat,
    STYPE = text,
    INITCOND = ''
);


ALTER AGGREGATE public.textcat_all_three(text) OWNER TO x721demouser;

SET default_tablespace = '';

SET default_with_oids = false;

--
-- Name: t_abil_init; Type: TABLE; Schema: public; Owner: x721demouser; Tablespace: 
--

CREATE TABLE t_abil_init (
    abil_name character varying(8000),
    abil_prob real
);


ALTER TABLE public.t_abil_init OWNER TO x721demouser;

--
-- Name: t_rand; Type: TABLE; Schema: public; Owner: x721demouser; Tablespace: 
--

CREATE TABLE t_rand (
    abil_name character varying(8000),
    myran real
);


ALTER TABLE public.t_rand OWNER TO x721demouser;

--
-- Name: abilsample; Type: VIEW; Schema: public; Owner: x721demouser
--

CREATE VIEW abilsample AS
    SELECT t_abil_init.abil_name, t_abil_init.abil_prob, t_rand.myran FROM t_abil_init, t_rand WHERE ((t_rand.myran < t_abil_init.abil_prob) AND ((t_rand.abil_name)::text = (t_abil_init.abil_name)::text));


ALTER TABLE public.abilsample OWNER TO x721demouser;

--
-- Name: t_abil; Type: TABLE; Schema: public; Owner: x721demouser; Tablespace: 
--

CREATE TABLE t_abil (
    abil_name character varying(8000),
    abil_value character varying(8000)
);


ALTER TABLE public.t_abil OWNER TO x721demouser;

--
-- Name: t_abil_primed; Type: TABLE; Schema: public; Owner: x721demouser; Tablespace: 
--

CREATE TABLE t_abil_primed (
    abil_name character varying(8000),
    abil_value character varying(8000)
);


ALTER TABLE public.t_abil_primed OWNER TO x721demouser;

--
-- Name: t_abil_probs; Type: TABLE; Schema: public; Owner: x721demouser; Tablespace: 
--

CREATE TABLE t_abil_probs (
    abil_value_t character varying(8000),
    abil_value_t1 character varying(8000),
    abil_prob real
);


ALTER TABLE public.t_abil_probs OWNER TO x721demouser;

--
-- Name: abiltrans; Type: VIEW; Schema: public; Owner: x721demouser
--

CREATE VIEW abiltrans AS
    SELECT t_abil.abil_name AS an, t_abil.abil_value AS av, t_abil_primed.abil_name AS anp, t_abil_primed.abil_value AS avp, t_abil_probs.abil_prob AS aprob FROM t_abil, t_abil_primed, t_abil_probs WHERE ((((t_abil.abil_name)::text = (t_abil_primed.abil_name)::text) AND ((t_abil_probs.abil_value_t)::text = (t_abil.abil_value)::text)) AND ((t_abil_probs.abil_value_t1)::text = (t_abil_primed.abil_value)::text));


ALTER TABLE public.abiltrans OWNER TO x721demouser;

--
-- Name: myrand; Type: TABLE; Schema: public; Owner: x721demouser; Tablespace: 
--

CREATE TABLE myrand (
    random real
);


ALTER TABLE public.myrand OWNER TO x721demouser;

--
-- Name: t_dd_abil; Type: TABLE; Schema: public; Owner: x721demouser; Tablespace: 
--

CREATE TABLE t_dd_abil (
    abil_name character varying(8000),
    dd_abil character varying(8000),
    dd_not_abil character varying(8000)
);


ALTER TABLE public.t_dd_abil OWNER TO x721demouser;

--
-- Name: t_iu_abilities; Type: TABLE; Schema: public; Owner: x721demouser; Tablespace: 
--

CREATE TABLE t_iu_abilities (
    row_id integer NOT NULL,
    abil_name character varying(256) NOT NULL
);


ALTER TABLE public.t_iu_abilities OWNER TO x721demouser;

--
-- Name: row_rel_y; Type: VIEW; Schema: public; Owner: x721demouser
--

CREATE VIEW row_rel_y AS
    SELECT t_iu_abilities.row_id, (('[* '::text || textcat_all((('[*'::text || (t_dd_abil.dd_abil)::text) || ' ]'::text))) || ']'::text) AS dd_rry FROM t_dd_abil, t_iu_abilities WHERE ((t_iu_abilities.abil_name)::text = (t_dd_abil.abil_name)::text) GROUP BY t_iu_abilities.row_id;


ALTER TABLE public.row_rel_y OWNER TO x721demouser;

--
-- Name: not_row_rel_y; Type: VIEW; Schema: public; Owner: x721demouser
--

CREATE VIEW not_row_rel_y AS
    SELECT row_rel_y.row_id, (('[+ (1.0) [* (-1.0) '::text || row_rel_y.dd_rry) || ']]'::text) AS dd_not_rry FROM row_rel_y;


ALTER TABLE public.not_row_rel_y OWNER TO x721demouser;

--
-- Name: t_dd_env; Type: TABLE; Schema: public; Owner: x721demouser; Tablespace: 
--

CREATE TABLE t_dd_env (
    var_name character varying(8000),
    var_value character varying(8000),
    dd character varying(8000)
);


ALTER TABLE public.t_dd_env OWNER TO x721demouser;

--
-- Name: t_iu_task_states; Type: TABLE; Schema: public; Owner: x721demouser; Tablespace: 
--

CREATE TABLE t_iu_task_states (
    row_id integer NOT NULL,
    var_name character varying(256) NOT NULL,
    var_value character varying(256) NOT NULL
);


ALTER TABLE public.t_iu_task_states OWNER TO x721demouser;

--
-- Name: row_rel_t; Type: VIEW; Schema: public; Owner: x721demouser
--

CREATE VIEW row_rel_t AS
    SELECT t_iu_task_states.row_id, (('[* '::text || textcat_all((('[*'::text || (t_dd_env.dd)::text) || ' ]'::text))) || ']'::text) AS dd_rrt FROM t_dd_env, t_iu_task_states WHERE (((t_iu_task_states.var_name)::text = (t_dd_env.var_name)::text) AND ((t_iu_task_states.var_value)::text = (t_dd_env.var_value)::text)) GROUP BY t_iu_task_states.row_id;


ALTER TABLE public.row_rel_t OWNER TO x721demouser;

--
-- Name: not_row_rel; Type: VIEW; Schema: public; Owner: x721demouser
--

CREATE VIEW not_row_rel AS
    SELECT row_rel_t.row_id, (((('[* '::text || not_row_rel_y.dd_not_rry) || ' '::text) || row_rel_t.dd_rrt) || ' (behaviournothing)]'::text) AS dd_nrr FROM row_rel_t, not_row_rel_y WHERE (row_rel_t.row_id = not_row_rel_y.row_id);


ALTER TABLE public.not_row_rel OWNER TO x721demouser;

--
-- Name: not_row_rel_t; Type: VIEW; Schema: public; Owner: x721demouser
--

CREATE VIEW not_row_rel_t AS
    SELECT row_rel_t.row_id, (('[+ (1.0) [* (-1.0) '::text || row_rel_t.dd_rrt) || ']]'::text) AS dd_not_rrt FROM row_rel_t;


ALTER TABLE public.not_row_rel_t OWNER TO x721demouser;

--
-- Name: numbers; Type: TABLE; Schema: public; Owner: x721demouser; Tablespace: 
--

CREATE TABLE numbers (
    num integer NOT NULL
);


ALTER TABLE public.numbers OWNER TO x721demouser;

--
-- Name: t_dd_beh; Type: TABLE; Schema: public; Owner: x721demouser; Tablespace: 
--

CREATE TABLE t_dd_beh (
    beh_name character varying(8000),
    dd_beh character varying(8000)
);


ALTER TABLE public.t_dd_beh OWNER TO x721demouser;

--
-- Name: t_iu_behaviours; Type: TABLE; Schema: public; Owner: x721demouser; Tablespace: 
--

CREATE TABLE t_iu_behaviours (
    row_id integer NOT NULL,
    beh_name character varying(256) NOT NULL
);


ALTER TABLE public.t_iu_behaviours OWNER TO x721demouser;

--
-- Name: row_rel_b; Type: VIEW; Schema: public; Owner: x721demouser
--

CREATE VIEW row_rel_b AS
    SELECT t_iu_behaviours.row_id, (('[* '::text || textcat_all((('[*'::text || (t_dd_beh.dd_beh)::text) || ']'::text))) || ']'::text) AS dd_rrb FROM t_dd_beh, t_iu_behaviours WHERE ((t_iu_behaviours.beh_name)::text = (t_dd_beh.beh_name)::text) GROUP BY t_iu_behaviours.row_id;


ALTER TABLE public.row_rel_b OWNER TO x721demouser;

--
-- Name: t_iu_row; Type: TABLE; Schema: public; Owner: x721demouser; Tablespace: 
--

CREATE TABLE t_iu_row (
    row_id integer NOT NULL,
    data_row boolean DEFAULT true NOT NULL,
    row_probability real DEFAULT 1.0,
    row_confirmed boolean DEFAULT true NOT NULL,
    CONSTRAINT "C14: the probability in the range [0-1] required" CHECK (((row_probability >= (0)::double precision) AND (row_probability <= (1)::double precision)))
);


ALTER TABLE public.t_iu_row OWNER TO x721demouser;

--
-- Name: row_rel; Type: VIEW; Schema: public; Owner: x721demouser
--

CREATE VIEW row_rel AS
    SELECT row_rel_t.row_id, (((((((('[* '::text || row_rel_y.dd_rry) || ' '::text) || row_rel_t.dd_rrt) || ' '::text) || row_rel_b.dd_rrb) || ' ('::text) || t_iu_row.row_probability) || ') ]'::text) AS dd_rr FROM row_rel_t, row_rel_y, row_rel_b, t_iu_row WHERE (((row_rel_t.row_id = row_rel_y.row_id) AND (row_rel_t.row_id = row_rel_b.row_id)) AND (row_rel_t.row_id = t_iu_row.row_id));


ALTER TABLE public.row_rel OWNER TO x721demouser;

--
-- Name: t_abilities; Type: TABLE; Schema: public; Owner: x721demouser; Tablespace: 
--

CREATE TABLE t_abilities (
    abil_name character varying(256) NOT NULL,
    abil_type character varying(256),
    gain_prob real NOT NULL,
    lose_prob real NOT NULL,
    gain_prompt_prob real NOT NULL,
    lose_prompt_prob real NOT NULL,
    abil_initial_prob real NOT NULL,
    abil_prompt_cost real NOT NULL,
    CONSTRAINT "C10: the probability has to be in range [0-1]" CHECK (((lose_prompt_prob >= (0)::double precision) AND (lose_prompt_prob <= (1)::double precision))),
    CONSTRAINT "C11: the probability has to be in range [0-1]" CHECK (((abil_initial_prob >= (0)::double precision) AND (abil_initial_prob <= (1)::double precision))),
    CONSTRAINT "C25: non-negative value required (costs are minimised)" CHECK ((abil_prompt_cost >= (0)::double precision)),
    CONSTRAINT "C6: only alphanumeric characters and the underscore are allowed" CHECK (((abil_name)::text ~* '^[a-z_0-9]+$'::text)),
    CONSTRAINT "C7: the probability has to be in range [0-1]" CHECK (((gain_prob >= (0)::double precision) AND (gain_prob <= (1)::double precision))),
    CONSTRAINT "C8: the probability has to be in range [0-1]" CHECK (((lose_prob >= (0)::double precision) AND (lose_prob <= (1)::double precision))),
    CONSTRAINT "C9: the probability has to be in range [0-1]" CHECK (((gain_prompt_prob >= (0)::double precision) AND (gain_prompt_prob <= (1)::double precision)))
);


ALTER TABLE public.t_abilities OWNER TO x721demouser;

--
-- Name: t_behaviour_sensor_model; Type: TABLE; Schema: public; Owner: x721demouser; Tablespace: 
--

CREATE TABLE t_behaviour_sensor_model (
    obs_name character varying(256) NOT NULL,
    obs_value character varying(256) NOT NULL,
    beh_name character varying(256) NOT NULL,
    probability real NOT NULL,
    CONSTRAINT "C12: the probability has to be in range [0-1]" CHECK (((probability >= (0)::double precision) AND (probability <= (1)::double precision)))
);


ALTER TABLE public.t_behaviour_sensor_model OWNER TO x721demouser;

--
-- Name: t_behaviours; Type: TABLE; Schema: public; Owner: x721demouser; Tablespace: 
--

CREATE TABLE t_behaviours (
    beh_name character varying(256) NOT NULL,
    beh_timeout real DEFAULT 0.0,
    CONSTRAINT "C4: only alphanumeric characters and the underscore are allowed" CHECK (((beh_name)::text ~* '^[a-z_0-9]+$'::text)),
    CONSTRAINT "C5: non-negative value required" CHECK ((beh_timeout >= (0)::double precision))
);


ALTER TABLE public.t_behaviours OWNER TO x721demouser;

--
-- Name: t_dd_env_primed; Type: TABLE; Schema: public; Owner: x721demouser; Tablespace: 
--

CREATE TABLE t_dd_env_primed (
    var_name character varying(8000),
    var_value character varying(8000),
    ddp character varying(8000)
);


ALTER TABLE public.t_dd_env_primed OWNER TO x721demouser;

--
-- Name: t_default_probabilities4abilities; Type: TABLE; Schema: public; Owner: x721demouser; Tablespace: 
--

CREATE TABLE t_default_probabilities4abilities (
    dementia_type character varying(256) NOT NULL,
    abil_type character varying(256) NOT NULL,
    gain_prob real NOT NULL,
    lose_prob real NOT NULL,
    gain_prompt_prob real NOT NULL,
    lose_prompt_prob real NOT NULL,
    CONSTRAINT "C17: the probability has to be in range [0-1]" CHECK (((gain_prob >= (0)::double precision) AND (gain_prob <= (1)::double precision))),
    CONSTRAINT "C18: the probability has to be in range [0-1]" CHECK (((lose_prob >= (0)::double precision) AND (lose_prob <= (1)::double precision))),
    CONSTRAINT "C19: the probability has to be in range [0-1]" CHECK (((gain_prompt_prob >= (0)::double precision) AND (gain_prompt_prob <= (1)::double precision))),
    CONSTRAINT "C20: the probability has to be in range [0-1]" CHECK (((lose_prompt_prob >= (0)::double precision) AND (lose_prompt_prob <= (1)::double precision)))
);


ALTER TABLE public.t_default_probabilities4abilities OWNER TO x721demouser;

--
-- Name: t_effects_of_behaviours; Type: TABLE; Schema: public; Owner: x721demouser; Tablespace: 
--

CREATE TABLE t_effects_of_behaviours (
    beh_effect_id integer NOT NULL,
    var_name character varying(256),
    var_value character varying(256),
    beh_name character varying(256)
);


ALTER TABLE public.t_effects_of_behaviours OWNER TO x721demouser;

--
-- Name: t_effects_of_behaviours_beh_effect_id_seq; Type: SEQUENCE; Schema: public; Owner: x721demouser
--

CREATE SEQUENCE t_effects_of_behaviours_beh_effect_id_seq
    START WITH 1
    INCREMENT BY 1
    NO MAXVALUE
    NO MINVALUE
    CACHE 1;


ALTER TABLE public.t_effects_of_behaviours_beh_effect_id_seq OWNER TO x721demouser;

--
-- Name: t_effects_of_behaviours_beh_effect_id_seq; Type: SEQUENCE OWNED BY; Schema: public; Owner: x721demouser
--

ALTER SEQUENCE t_effects_of_behaviours_beh_effect_id_seq OWNED BY t_effects_of_behaviours.beh_effect_id;


--
-- Name: t_effects_of_behaviours_beh_effect_id_seq; Type: SEQUENCE SET; Schema: public; Owner: x721demouser
--

SELECT pg_catalog.setval('t_effects_of_behaviours_beh_effect_id_seq', 1, false);


--
-- Name: t_env_variables_values; Type: TABLE; Schema: public; Owner: x721demouser; Tablespace: 
--

CREATE TABLE t_env_variables_values (
    var_name character varying(256) NOT NULL,
    var_value character varying(256) NOT NULL,
    var_value_initial_prob real NOT NULL,
    CONSTRAINT "C1: only alphanumeric characters and the underscore are allowed" CHECK (((var_name)::text ~* '^[a-z_0-9]+$'::text)),
    CONSTRAINT "C2: only alphanumeric characters and the underscore are allowed" CHECK (((var_value)::text ~* '^[a-z_0-9]+$'::text)),
    CONSTRAINT "C3: the probability has to be in range [0-1]" CHECK (((var_value_initial_prob >= (0)::double precision) AND (var_value_initial_prob <= (1)::double precision)))
);


ALTER TABLE public.t_env_variables_values OWNER TO x721demouser;

--
-- Name: t_iu_goals; Type: TABLE; Schema: public; Owner: x721demouser; Tablespace: 
--

CREATE TABLE t_iu_goals (
    row_id integer NOT NULL,
    var_name character varying(256) NOT NULL,
    var_value character varying(256) NOT NULL
);


ALTER TABLE public.t_iu_goals OWNER TO x721demouser;

--
-- Name: t_observations_values; Type: TABLE; Schema: public; Owner: x721demouser; Tablespace: 
--

CREATE TABLE t_observations_values (
    obs_name character varying(256) NOT NULL,
    obs_value character varying(256) NOT NULL,
    CONSTRAINT "C15: only alphanumeric characters and underscore are allowed" CHECK (((obs_name)::text ~* '^[a-z_0-9]+$'::text)),
    CONSTRAINT "C16: only alphanumeric characters and underscore are allowed" CHECK (((obs_value)::text ~* '^[a-z_0-9]+$'::text))
);


ALTER TABLE public.t_observations_values OWNER TO x721demouser;

--
-- Name: t_preconditions4effects_of_behaviours; Type: TABLE; Schema: public; Owner: x721demouser; Tablespace: 
--

CREATE TABLE t_preconditions4effects_of_behaviours (
    beh_effect_id integer NOT NULL,
    var_name character varying(256) NOT NULL,
    var_value character varying(256)
);


ALTER TABLE public.t_preconditions4effects_of_behaviours OWNER TO x721demouser;

--
-- Name: t_preconditions4effects_of_behaviours_beh_effect_id_seq; Type: SEQUENCE; Schema: public; Owner: x721demouser
--

CREATE SEQUENCE t_preconditions4effects_of_behaviours_beh_effect_id_seq
    START WITH 1
    INCREMENT BY 1
    NO MAXVALUE
    NO MINVALUE
    CACHE 1;


ALTER TABLE public.t_preconditions4effects_of_behaviours_beh_effect_id_seq OWNER TO x721demouser;

--
-- Name: t_preconditions4effects_of_behaviours_beh_effect_id_seq; Type: SEQUENCE OWNED BY; Schema: public; Owner: x721demouser
--

ALTER SEQUENCE t_preconditions4effects_of_behaviours_beh_effect_id_seq OWNED BY t_preconditions4effects_of_behaviours.beh_effect_id;


--
-- Name: t_preconditions4effects_of_behaviours_beh_effect_id_seq; Type: SEQUENCE SET; Schema: public; Owner: x721demouser
--

SELECT pg_catalog.setval('t_preconditions4effects_of_behaviours_beh_effect_id_seq', 1, false);


--
-- Name: t_rewards; Type: TABLE; Schema: public; Owner: x721demouser; Tablespace: 
--

CREATE TABLE t_rewards (
    state_set_id integer NOT NULL,
    reward_value real NOT NULL,
    CONSTRAINT "C26: non-negative value required (rewards are maximised)" CHECK ((reward_value >= (0)::double precision))
);


ALTER TABLE public.t_rewards OWNER TO x721demouser;

--
-- Name: t_rewards_desc; Type: TABLE; Schema: public; Owner: x721demouser; Tablespace: 
--

CREATE TABLE t_rewards_desc (
    state_set_id integer NOT NULL,
    var_name character varying(256) NOT NULL,
    var_value character varying(256)
);


ALTER TABLE public.t_rewards_desc OWNER TO x721demouser;

--
-- Name: t_rewards_desc_state_set_id_seq; Type: SEQUENCE; Schema: public; Owner: x721demouser
--

CREATE SEQUENCE t_rewards_desc_state_set_id_seq
    START WITH 1
    INCREMENT BY 1
    NO MAXVALUE
    NO MINVALUE
    CACHE 1;


ALTER TABLE public.t_rewards_desc_state_set_id_seq OWNER TO x721demouser;

--
-- Name: t_rewards_desc_state_set_id_seq; Type: SEQUENCE OWNED BY; Schema: public; Owner: x721demouser
--

ALTER SEQUENCE t_rewards_desc_state_set_id_seq OWNED BY t_rewards_desc.state_set_id;


--
-- Name: t_rewards_desc_state_set_id_seq; Type: SEQUENCE SET; Schema: public; Owner: x721demouser
--

SELECT pg_catalog.setval('t_rewards_desc_state_set_id_seq', 1, false);


--
-- Name: t_rewards_state_set_id_seq; Type: SEQUENCE; Schema: public; Owner: x721demouser
--

CREATE SEQUENCE t_rewards_state_set_id_seq
    START WITH 1
    INCREMENT BY 1
    NO MAXVALUE
    NO MINVALUE
    CACHE 1;


ALTER TABLE public.t_rewards_state_set_id_seq OWNER TO x721demouser;

--
-- Name: t_rewards_state_set_id_seq; Type: SEQUENCE OWNED BY; Schema: public; Owner: x721demouser
--

ALTER SEQUENCE t_rewards_state_set_id_seq OWNED BY t_rewards.state_set_id;


--
-- Name: t_rewards_state_set_id_seq; Type: SEQUENCE SET; Schema: public; Owner: x721demouser
--

SELECT pg_catalog.setval('t_rewards_state_set_id_seq', 1, false);


--
-- Name: t_sensor_model; Type: TABLE; Schema: public; Owner: x721demouser; Tablespace: 
--

CREATE TABLE t_sensor_model (
    obs_name character varying(256) NOT NULL,
    obs_value character varying(256) NOT NULL,
    var_name character varying(256) NOT NULL,
    var_value character varying(256) NOT NULL,
    probability real NOT NULL,
    CONSTRAINT "C12: the probability has to be in range [0-1]" CHECK (((probability >= (0)::double precision) AND (probability <= (1)::double precision)))
);


ALTER TABLE public.t_sensor_model OWNER TO x721demouser;

--
-- Name: t_types_of_abilities; Type: TABLE; Schema: public; Owner: x721demouser; Tablespace: 
--

CREATE TABLE t_types_of_abilities (
    abil_type character varying(256) NOT NULL,
    CONSTRAINT "C23: only alphanumeric characters and underscore are allowed" CHECK (((abil_type)::text ~* '^[a-z_0-9]+$'::text))
);


ALTER TABLE public.t_types_of_abilities OWNER TO x721demouser;

--
-- Name: t_types_of_dementia; Type: TABLE; Schema: public; Owner: x721demouser; Tablespace: 
--

CREATE TABLE t_types_of_dementia (
    dementia_type character varying(256) NOT NULL,
    CONSTRAINT "C24: only alphanumeric characters and underscore are allowed" CHECK (((dementia_type)::text ~* '^[a-z_0-9]+$'::text))
);


ALTER TABLE public.t_types_of_dementia OWNER TO x721demouser;

--
-- Name: t_when_is_behaviour_impossible; Type: TABLE; Schema: public; Owner: x721demouser; Tablespace: 
--

CREATE TABLE t_when_is_behaviour_impossible (
    state_set_id integer NOT NULL,
    beh_name character varying(256) NOT NULL,
    var_name character varying(256) NOT NULL,
    var_value character varying(256)
);


ALTER TABLE public.t_when_is_behaviour_impossible OWNER TO x721demouser;

--
-- Name: t_when_is_behaviour_impossible_state_set_id_seq; Type: SEQUENCE; Schema: public; Owner: x721demouser
--

CREATE SEQUENCE t_when_is_behaviour_impossible_state_set_id_seq
    START WITH 1
    INCREMENT BY 1
    NO MAXVALUE
    NO MINVALUE
    CACHE 1;


ALTER TABLE public.t_when_is_behaviour_impossible_state_set_id_seq OWNER TO x721demouser;

--
-- Name: t_when_is_behaviour_impossible_state_set_id_seq; Type: SEQUENCE OWNED BY; Schema: public; Owner: x721demouser
--

ALTER SEQUENCE t_when_is_behaviour_impossible_state_set_id_seq OWNED BY t_when_is_behaviour_impossible.state_set_id;


--
-- Name: t_when_is_behaviour_impossible_state_set_id_seq; Type: SEQUENCE SET; Schema: public; Owner: x721demouser
--

SELECT pg_catalog.setval('t_when_is_behaviour_impossible_state_set_id_seq', 1, false);


--
-- Name: x; Type: VIEW; Schema: public; Owner: x721demouser
--

CREATE VIEW x AS
    SELECT random() AS random;


ALTER TABLE public.x OWNER TO x721demouser;

--
-- Name: beh_effect_id; Type: DEFAULT; Schema: public; Owner: x721demouser
--

ALTER TABLE ONLY t_effects_of_behaviours ALTER COLUMN beh_effect_id SET DEFAULT nextval('t_effects_of_behaviours_beh_effect_id_seq'::regclass);


--
-- Name: beh_effect_id; Type: DEFAULT; Schema: public; Owner: x721demouser
--

ALTER TABLE ONLY t_preconditions4effects_of_behaviours ALTER COLUMN beh_effect_id SET DEFAULT nextval('t_preconditions4effects_of_behaviours_beh_effect_id_seq'::regclass);


--
-- Name: state_set_id; Type: DEFAULT; Schema: public; Owner: x721demouser
--

ALTER TABLE ONLY t_rewards ALTER COLUMN state_set_id SET DEFAULT nextval('t_rewards_state_set_id_seq'::regclass);


--
-- Name: state_set_id; Type: DEFAULT; Schema: public; Owner: x721demouser
--

ALTER TABLE ONLY t_rewards_desc ALTER COLUMN state_set_id SET DEFAULT nextval('t_rewards_desc_state_set_id_seq'::regclass);


--
-- Name: state_set_id; Type: DEFAULT; Schema: public; Owner: x721demouser
--

ALTER TABLE ONLY t_when_is_behaviour_impossible ALTER COLUMN state_set_id SET DEFAULT nextval('t_when_is_behaviour_impossible_state_set_id_seq'::regclass);


--
-- Data for Name: myrand; Type: TABLE DATA; Schema: public; Owner: x721demouser
--

COPY myrand (random) FROM stdin;
0.97043926
\.


--
-- Data for Name: numbers; Type: TABLE DATA; Schema: public; Owner: x721demouser
--

COPY numbers (num) FROM stdin;
0
\.


--
-- Data for Name: t_abil; Type: TABLE DATA; Schema: public; Owner: x721demouser
--

COPY t_abil (abil_name, abil_value) FROM stdin;
rl_step_t1	yes
rl_step_t1	no
rl_step_t2	yes
rl_step_t2	no
\.


--
-- Data for Name: t_abil_init; Type: TABLE DATA; Schema: public; Owner: x721demouser
--

COPY t_abil_init (abil_name, abil_prob) FROM stdin;
rl_step_t1	0.80000001
rl_step_t2	0.2
\.


--
-- Data for Name: t_abil_primed; Type: TABLE DATA; Schema: public; Owner: x721demouser
--

COPY t_abil_primed (abil_name, abil_value) FROM stdin;
rl_step_t1	yes
rl_step_t1	no
rl_step_t2	yes
rl_step_t2	no
\.


--
-- Data for Name: t_abil_probs; Type: TABLE DATA; Schema: public; Owner: x721demouser
--

COPY t_abil_probs (abil_value_t, abil_value_t1, abil_prob) FROM stdin;
yes	yes	0.2
yes	no	0.80000001
no	yes	0.30000001
no	no	0.69999999
\.


--
-- Data for Name: t_abilities; Type: TABLE DATA; Schema: public; Owner: x721demouser
--

COPY t_abilities (abil_name, abil_type, gain_prob, lose_prob, gain_prompt_prob, lose_prompt_prob, abil_initial_prob, abil_prompt_cost) FROM stdin;
rl_step_t1	recall_step	0.0099999998	0.1	0.89999998	0.0099999998	0.2	1
\.


--
-- Data for Name: t_behaviour_sensor_model; Type: TABLE DATA; Schema: public; Owner: x721demouser
--

COPY t_behaviour_sensor_model (obs_name, obs_value, beh_name, probability) FROM stdin;
\.


--
-- Data for Name: t_behaviours; Type: TABLE DATA; Schema: public; Owner: x721demouser
--

COPY t_behaviours (beh_name, beh_timeout) FROM stdin;
other	1000000
nothing	1000000
t1	10
t2	10
\.


--
-- Data for Name: t_dd_abil; Type: TABLE DATA; Schema: public; Owner: x721demouser
--

COPY t_dd_abil (abil_name, dd_abil, dd_not_abil) FROM stdin;
rl_step_t1	(rl_step_t1yes)	(rl_step_t1no)
\.


--
-- Data for Name: t_dd_beh; Type: TABLE DATA; Schema: public; Owner: x721demouser
--

COPY t_dd_beh (beh_name, dd_beh) FROM stdin;
t1	(behaviourt1)
t2	(behaviourt2)
\.


--
-- Data for Name: t_dd_env; Type: TABLE DATA; Schema: public; Owner: x721demouser
--

COPY t_dd_env (var_name, var_value, dd) FROM stdin;
goal_t1_complete	no	(goal_t1_complete (no  (1.0))  (yes(0.0)) (done(0.0)))
goal_t1_complete	yes	(goal_t1_complete (no  (0.0))  (yes(1.0)) (done(0.0)))
goal_t1_complete	done	(goal_t1_complete (no  (0.0))  (yes(0.0)) (done(1.0)))
goal_t2_complete	done	(goal_t2_complete (no  (0.0))  (yes(0.0)) (done(1.0)))
goal_t2_complete	yes	(goal_t2_complete (no  (0.0))  (yes(1.0)) (done(0.0)))
goal_t2_complete	no	(goal_t2_complete (no  (1.0))  (yes(0.0)) (done(0.0)))
\.


--
-- Data for Name: t_dd_env_primed; Type: TABLE DATA; Schema: public; Owner: x721demouser
--

COPY t_dd_env_primed (var_name, var_value, ddp) FROM stdin;
goal_t1_complete	no	(goal_t1_completeno)
goal_t1_complete	yes	(goal_t1_completeyes)
goal_t1_complete	done	(goal_t1_completedone)
goal_t2_complete	done	(goal_t2_completedone)
goal_t2_complete	yes	(goal_t2_completeyes)
goal_t2_complete	no	(goal_t2_completeno)
\.


--
-- Data for Name: t_default_probabilities4abilities; Type: TABLE DATA; Schema: public; Owner: x721demouser
--

COPY t_default_probabilities4abilities (dementia_type, abil_type, gain_prob, lose_prob, gain_prompt_prob, lose_prompt_prob) FROM stdin;
light	recognition	0.80000001	0.2	0.99000001	0.0099999998
light	affordance	0.80000001	0.2	0.99000001	0.0099999998
light	recall_step	0.80000001	0.2	0.99000001	0.0099999998
medium	recognition	0.69999999	0.30000001	0.99000001	0.0099999998
medium	affordance	0.69999999	0.30000001	0.99000001	0.0099999998
medium	recall_step	0.60000002	0.40000001	0.99000001	0.0099999998
severe	recognition	0.60000002	0.40000001	0.69999999	0.30000001
severe	affordance	0.60000002	0.40000001	0.69999999	0.30000001
severe	recall_step	0.5	0.5	0.69999999	0.30000001
\.


--
-- Data for Name: t_effects_of_behaviours; Type: TABLE DATA; Schema: public; Owner: x721demouser
--

COPY t_effects_of_behaviours (beh_effect_id, var_name, var_value, beh_name) FROM stdin;
1	goal_t1_complete	yes	t1
2	goal_t2_complete	yes	t2
\.


--
-- Data for Name: t_env_variables_values; Type: TABLE DATA; Schema: public; Owner: x721demouser
--

COPY t_env_variables_values (var_name, var_value, var_value_initial_prob) FROM stdin;
goal_t1_complete	no	1
goal_t1_complete	yes	0
goal_t1_complete	done	0
goal_t2_complete	no	1
goal_t2_complete	yes	0
goal_t2_complete	done	0
\.


--
-- Data for Name: t_iu_abilities; Type: TABLE DATA; Schema: public; Owner: x721demouser
--

COPY t_iu_abilities (row_id, abil_name) FROM stdin;
6	rl_step_t1
5	rl_step_t1
4	rl_step_t1
3	rl_step_t1
2	rl_step_t1
1	rl_step_t1
\.


--
-- Data for Name: t_iu_behaviours; Type: TABLE DATA; Schema: public; Owner: x721demouser
--

COPY t_iu_behaviours (row_id, beh_name) FROM stdin;
6	t1
5	t1
4	t1
3	t2
2	t2
1	t2
\.


--
-- Data for Name: t_iu_goals; Type: TABLE DATA; Schema: public; Owner: x721demouser
--

COPY t_iu_goals (row_id, var_name, var_value) FROM stdin;
\.


--
-- Data for Name: t_iu_row; Type: TABLE DATA; Schema: public; Owner: x721demouser
--

COPY t_iu_row (row_id, data_row, row_probability, row_confirmed) FROM stdin;
5	t	0.5	t
2	t	0.5	t
1	t	1	t
3	t	1	t
4	t	1	t
6	t	1	t
\.


--
-- Data for Name: t_iu_task_states; Type: TABLE DATA; Schema: public; Owner: x721demouser
--

COPY t_iu_task_states (row_id, var_name, var_value) FROM stdin;
6	goal_t1_complete	no
6	goal_t2_complete	done
5	goal_t1_complete	no
5	goal_t2_complete	no
4	goal_t1_complete	no
4	goal_t2_complete	yes
3	goal_t1_complete	done
3	goal_t2_complete	no
2	goal_t1_complete	no
2	goal_t2_complete	no
1	goal_t1_complete	yes
1	goal_t2_complete	no
\.


--
-- Data for Name: t_observations_values; Type: TABLE DATA; Schema: public; Owner: x721demouser
--

COPY t_observations_values (obs_name, obs_value) FROM stdin;
t1_complete	no
t1_complete	yes
t2_complete	no
t2_complete	yes
\.


--
-- Data for Name: t_preconditions4effects_of_behaviours; Type: TABLE DATA; Schema: public; Owner: x721demouser
--

COPY t_preconditions4effects_of_behaviours (beh_effect_id, var_name, var_value) FROM stdin;
1	goal_t1_complete	no
2	goal_t2_complete	no
\.


--
-- Data for Name: t_rand; Type: TABLE DATA; Schema: public; Owner: x721demouser
--

COPY t_rand (abil_name, myran) FROM stdin;
rl_step_t1	0.8970477
rl_step_t2	0.58532834
\.


--
-- Data for Name: t_rewards; Type: TABLE DATA; Schema: public; Owner: x721demouser
--

COPY t_rewards (state_set_id, reward_value) FROM stdin;
1	20
2	10
3	10
\.


--
-- Data for Name: t_rewards_desc; Type: TABLE DATA; Schema: public; Owner: x721demouser
--

COPY t_rewards_desc (state_set_id, var_name, var_value) FROM stdin;
1	goal_t2_complete	yes
1	goal_t1_complete	yes
2	goal_t2_complete	no
2	goal_t1_complete	yes
3	goal_t2_complete	yes
3	goal_t1_complete	no
\.


--
-- Data for Name: t_sensor_model; Type: TABLE DATA; Schema: public; Owner: x721demouser
--

COPY t_sensor_model (obs_name, obs_value, var_name, var_value, probability) FROM stdin;
t2_complete	no	goal_t2_complete	no	0.99900001
t2_complete	yes	goal_t2_complete	no	0.001
t2_complete	no	goal_t2_complete	yes	0.001
t2_complete	yes	goal_t2_complete	yes	0.99900001
t2_complete	no	goal_t2_complete	done	0.001
t2_complete	yes	goal_t2_complete	done	0.99900001
t1_complete	no	goal_t1_complete	no	0.99900001
t1_complete	yes	goal_t1_complete	no	0.001
t1_complete	no	goal_t1_complete	yes	0.001
t1_complete	no	goal_t1_complete	done	0.001
t1_complete	yes	goal_t1_complete	done	0.99900001
t1_complete	yes	goal_t1_complete	yes	0.99900001
\.


--
-- Data for Name: t_types_of_abilities; Type: TABLE DATA; Schema: public; Owner: x721demouser
--

COPY t_types_of_abilities (abil_type) FROM stdin;
recognition
affordance
recall_step
\.


--
-- Data for Name: t_types_of_dementia; Type: TABLE DATA; Schema: public; Owner: x721demouser
--

COPY t_types_of_dementia (dementia_type) FROM stdin;
light
medium
severe
\.


--
-- Data for Name: t_when_is_behaviour_impossible; Type: TABLE DATA; Schema: public; Owner: x721demouser
--

COPY t_when_is_behaviour_impossible (state_set_id, beh_name, var_name, var_value) FROM stdin;
\.


--
-- Name: pk_numbers; Type: CONSTRAINT; Schema: public; Owner: x721demouser; Tablespace: 
--

ALTER TABLE ONLY numbers
    ADD CONSTRAINT pk_numbers PRIMARY KEY (num);


--
-- Name: t_abilities_pkey; Type: CONSTRAINT; Schema: public; Owner: x721demouser; Tablespace: 
--

ALTER TABLE ONLY t_abilities
    ADD CONSTRAINT t_abilities_pkey PRIMARY KEY (abil_name);


--
-- Name: t_behaviour_sensor_model_pkey; Type: CONSTRAINT; Schema: public; Owner: x721demouser; Tablespace: 
--

ALTER TABLE ONLY t_behaviour_sensor_model
    ADD CONSTRAINT t_behaviour_sensor_model_pkey PRIMARY KEY (obs_name, obs_value, beh_name);


--
-- Name: t_behaviours_pkey; Type: CONSTRAINT; Schema: public; Owner: x721demouser; Tablespace: 
--

ALTER TABLE ONLY t_behaviours
    ADD CONSTRAINT t_behaviours_pkey PRIMARY KEY (beh_name);


--
-- Name: t_default_probabilities4abilities_pkey; Type: CONSTRAINT; Schema: public; Owner: x721demouser; Tablespace: 
--

ALTER TABLE ONLY t_default_probabilities4abilities
    ADD CONSTRAINT t_default_probabilities4abilities_pkey PRIMARY KEY (dementia_type, abil_type);


--
-- Name: t_effects_of_behaviours_pkey; Type: CONSTRAINT; Schema: public; Owner: x721demouser; Tablespace: 
--

ALTER TABLE ONLY t_effects_of_behaviours
    ADD CONSTRAINT t_effects_of_behaviours_pkey PRIMARY KEY (beh_effect_id);


--
-- Name: t_env_variables_values_pkey; Type: CONSTRAINT; Schema: public; Owner: x721demouser; Tablespace: 
--

ALTER TABLE ONLY t_env_variables_values
    ADD CONSTRAINT t_env_variables_values_pkey PRIMARY KEY (var_name, var_value);


--
-- Name: t_iu_abilities_pkey; Type: CONSTRAINT; Schema: public; Owner: x721demouser; Tablespace: 
--

ALTER TABLE ONLY t_iu_abilities
    ADD CONSTRAINT t_iu_abilities_pkey PRIMARY KEY (row_id, abil_name);


--
-- Name: t_iu_behaviours_pkey; Type: CONSTRAINT; Schema: public; Owner: x721demouser; Tablespace: 
--

ALTER TABLE ONLY t_iu_behaviours
    ADD CONSTRAINT t_iu_behaviours_pkey PRIMARY KEY (row_id, beh_name);


--
-- Name: t_iu_goals_pkey; Type: CONSTRAINT; Schema: public; Owner: x721demouser; Tablespace: 
--

ALTER TABLE ONLY t_iu_goals
    ADD CONSTRAINT t_iu_goals_pkey PRIMARY KEY (row_id, var_name, var_value);


--
-- Name: t_iu_row_pkey; Type: CONSTRAINT; Schema: public; Owner: x721demouser; Tablespace: 
--

ALTER TABLE ONLY t_iu_row
    ADD CONSTRAINT t_iu_row_pkey PRIMARY KEY (row_id);


--
-- Name: t_iu_task_states_pkey; Type: CONSTRAINT; Schema: public; Owner: x721demouser; Tablespace: 
--

ALTER TABLE ONLY t_iu_task_states
    ADD CONSTRAINT t_iu_task_states_pkey PRIMARY KEY (row_id, var_name, var_value);


--
-- Name: t_observations_values_pkey; Type: CONSTRAINT; Schema: public; Owner: x721demouser; Tablespace: 
--

ALTER TABLE ONLY t_observations_values
    ADD CONSTRAINT t_observations_values_pkey PRIMARY KEY (obs_name, obs_value);


--
-- Name: t_preconditions4effects_of_behaviours_pkey; Type: CONSTRAINT; Schema: public; Owner: x721demouser; Tablespace: 
--

ALTER TABLE ONLY t_preconditions4effects_of_behaviours
    ADD CONSTRAINT t_preconditions4effects_of_behaviours_pkey PRIMARY KEY (beh_effect_id, var_name);


--
-- Name: t_rewards_desc_pkey; Type: CONSTRAINT; Schema: public; Owner: x721demouser; Tablespace: 
--

ALTER TABLE ONLY t_rewards_desc
    ADD CONSTRAINT t_rewards_desc_pkey PRIMARY KEY (state_set_id, var_name);


--
-- Name: t_rewards_pkey; Type: CONSTRAINT; Schema: public; Owner: x721demouser; Tablespace: 
--

ALTER TABLE ONLY t_rewards
    ADD CONSTRAINT t_rewards_pkey PRIMARY KEY (state_set_id);


--
-- Name: t_sensor_model_pkey; Type: CONSTRAINT; Schema: public; Owner: x721demouser; Tablespace: 
--

ALTER TABLE ONLY t_sensor_model
    ADD CONSTRAINT t_sensor_model_pkey PRIMARY KEY (obs_name, obs_value, var_name, var_value);


--
-- Name: t_types_of_abilities_pkey; Type: CONSTRAINT; Schema: public; Owner: x721demouser; Tablespace: 
--

ALTER TABLE ONLY t_types_of_abilities
    ADD CONSTRAINT t_types_of_abilities_pkey PRIMARY KEY (abil_type);


--
-- Name: t_types_of_dementia_pkey; Type: CONSTRAINT; Schema: public; Owner: x721demouser; Tablespace: 
--

ALTER TABLE ONLY t_types_of_dementia
    ADD CONSTRAINT t_types_of_dementia_pkey PRIMARY KEY (dementia_type);


--
-- Name: t_when_is_behaviour_impossible_pkey; Type: CONSTRAINT; Schema: public; Owner: x721demouser; Tablespace: 
--

ALTER TABLE ONLY t_when_is_behaviour_impossible
    ADD CONSTRAINT t_when_is_behaviour_impossible_pkey PRIMARY KEY (state_set_id, beh_name, var_name);


--
-- Name: t_abilities_abil_type_fkey; Type: FK CONSTRAINT; Schema: public; Owner: x721demouser
--

ALTER TABLE ONLY t_abilities
    ADD CONSTRAINT t_abilities_abil_type_fkey FOREIGN KEY (abil_type) REFERENCES t_types_of_abilities(abil_type) ON UPDATE CASCADE;


--
-- Name: t_behaviour_sensor_model_beh_name_fkey; Type: FK CONSTRAINT; Schema: public; Owner: x721demouser
--

ALTER TABLE ONLY t_behaviour_sensor_model
    ADD CONSTRAINT t_behaviour_sensor_model_beh_name_fkey FOREIGN KEY (beh_name) REFERENCES t_behaviours(beh_name) ON UPDATE CASCADE;


--
-- Name: t_behaviour_sensor_model_obs_name_fkey; Type: FK CONSTRAINT; Schema: public; Owner: x721demouser
--

ALTER TABLE ONLY t_behaviour_sensor_model
    ADD CONSTRAINT t_behaviour_sensor_model_obs_name_fkey FOREIGN KEY (obs_name, obs_value) REFERENCES t_observations_values(obs_name, obs_value) ON UPDATE CASCADE;


--
-- Name: t_default_probabilities4abilities_abil_type_fkey; Type: FK CONSTRAINT; Schema: public; Owner: x721demouser
--

ALTER TABLE ONLY t_default_probabilities4abilities
    ADD CONSTRAINT t_default_probabilities4abilities_abil_type_fkey FOREIGN KEY (abil_type) REFERENCES t_types_of_abilities(abil_type) ON UPDATE CASCADE;


--
-- Name: t_default_probabilities4abilities_dementia_type_fkey; Type: FK CONSTRAINT; Schema: public; Owner: x721demouser
--

ALTER TABLE ONLY t_default_probabilities4abilities
    ADD CONSTRAINT t_default_probabilities4abilities_dementia_type_fkey FOREIGN KEY (dementia_type) REFERENCES t_types_of_dementia(dementia_type) ON UPDATE CASCADE;


--
-- Name: t_effects_of_behaviours_beh_name_fkey; Type: FK CONSTRAINT; Schema: public; Owner: x721demouser
--

ALTER TABLE ONLY t_effects_of_behaviours
    ADD CONSTRAINT t_effects_of_behaviours_beh_name_fkey FOREIGN KEY (beh_name) REFERENCES t_behaviours(beh_name) ON UPDATE CASCADE;


--
-- Name: t_effects_of_behaviours_var_name_fkey; Type: FK CONSTRAINT; Schema: public; Owner: x721demouser
--

ALTER TABLE ONLY t_effects_of_behaviours
    ADD CONSTRAINT t_effects_of_behaviours_var_name_fkey FOREIGN KEY (var_name, var_value) REFERENCES t_env_variables_values(var_name, var_value) ON UPDATE CASCADE;


--
-- Name: t_iu_abilities_abil_name_fkey; Type: FK CONSTRAINT; Schema: public; Owner: x721demouser
--

ALTER TABLE ONLY t_iu_abilities
    ADD CONSTRAINT t_iu_abilities_abil_name_fkey FOREIGN KEY (abil_name) REFERENCES t_abilities(abil_name) ON UPDATE CASCADE;


--
-- Name: t_iu_abilities_row_id_fkey; Type: FK CONSTRAINT; Schema: public; Owner: x721demouser
--

ALTER TABLE ONLY t_iu_abilities
    ADD CONSTRAINT t_iu_abilities_row_id_fkey FOREIGN KEY (row_id) REFERENCES t_iu_row(row_id) ON UPDATE CASCADE;


--
-- Name: t_iu_behaviours_beh_name_fkey; Type: FK CONSTRAINT; Schema: public; Owner: x721demouser
--

ALTER TABLE ONLY t_iu_behaviours
    ADD CONSTRAINT t_iu_behaviours_beh_name_fkey FOREIGN KEY (beh_name) REFERENCES t_behaviours(beh_name) ON UPDATE CASCADE;


--
-- Name: t_iu_behaviours_row_id_fkey; Type: FK CONSTRAINT; Schema: public; Owner: x721demouser
--

ALTER TABLE ONLY t_iu_behaviours
    ADD CONSTRAINT t_iu_behaviours_row_id_fkey FOREIGN KEY (row_id) REFERENCES t_iu_row(row_id) ON UPDATE CASCADE;


--
-- Name: t_iu_goals_row_id_fkey; Type: FK CONSTRAINT; Schema: public; Owner: x721demouser
--

ALTER TABLE ONLY t_iu_goals
    ADD CONSTRAINT t_iu_goals_row_id_fkey FOREIGN KEY (row_id) REFERENCES t_iu_row(row_id) ON UPDATE CASCADE;


--
-- Name: t_iu_goals_var_name_fkey; Type: FK CONSTRAINT; Schema: public; Owner: x721demouser
--

ALTER TABLE ONLY t_iu_goals
    ADD CONSTRAINT t_iu_goals_var_name_fkey FOREIGN KEY (var_name, var_value) REFERENCES t_env_variables_values(var_name, var_value) ON UPDATE CASCADE;


--
-- Name: t_iu_task_states_row_id_fkey; Type: FK CONSTRAINT; Schema: public; Owner: x721demouser
--

ALTER TABLE ONLY t_iu_task_states
    ADD CONSTRAINT t_iu_task_states_row_id_fkey FOREIGN KEY (row_id) REFERENCES t_iu_row(row_id) ON UPDATE CASCADE;


--
-- Name: t_iu_task_states_var_name_fkey; Type: FK CONSTRAINT; Schema: public; Owner: x721demouser
--

ALTER TABLE ONLY t_iu_task_states
    ADD CONSTRAINT t_iu_task_states_var_name_fkey FOREIGN KEY (var_name, var_value) REFERENCES t_env_variables_values(var_name, var_value) ON UPDATE CASCADE;


--
-- Name: t_preconditions4effects_of_behaviours_beh_effect_id_fkey; Type: FK CONSTRAINT; Schema: public; Owner: x721demouser
--

ALTER TABLE ONLY t_preconditions4effects_of_behaviours
    ADD CONSTRAINT t_preconditions4effects_of_behaviours_beh_effect_id_fkey FOREIGN KEY (beh_effect_id) REFERENCES t_effects_of_behaviours(beh_effect_id) ON UPDATE CASCADE;


--
-- Name: t_preconditions4effects_of_behaviours_var_name_fkey; Type: FK CONSTRAINT; Schema: public; Owner: x721demouser
--

ALTER TABLE ONLY t_preconditions4effects_of_behaviours
    ADD CONSTRAINT t_preconditions4effects_of_behaviours_var_name_fkey FOREIGN KEY (var_name, var_value) REFERENCES t_env_variables_values(var_name, var_value) ON UPDATE CASCADE;


--
-- Name: t_rewards_desc_state_set_id_fkey; Type: FK CONSTRAINT; Schema: public; Owner: x721demouser
--

ALTER TABLE ONLY t_rewards_desc
    ADD CONSTRAINT t_rewards_desc_state_set_id_fkey FOREIGN KEY (state_set_id) REFERENCES t_rewards(state_set_id) ON UPDATE CASCADE;


--
-- Name: t_rewards_desc_var_name_fkey; Type: FK CONSTRAINT; Schema: public; Owner: x721demouser
--

ALTER TABLE ONLY t_rewards_desc
    ADD CONSTRAINT t_rewards_desc_var_name_fkey FOREIGN KEY (var_name, var_value) REFERENCES t_env_variables_values(var_name, var_value) ON UPDATE CASCADE;


--
-- Name: t_sensor_model_obs_name_fkey; Type: FK CONSTRAINT; Schema: public; Owner: x721demouser
--

ALTER TABLE ONLY t_sensor_model
    ADD CONSTRAINT t_sensor_model_obs_name_fkey FOREIGN KEY (obs_name, obs_value) REFERENCES t_observations_values(obs_name, obs_value) ON UPDATE CASCADE;


--
-- Name: t_sensor_model_var_name_fkey; Type: FK CONSTRAINT; Schema: public; Owner: x721demouser
--

ALTER TABLE ONLY t_sensor_model
    ADD CONSTRAINT t_sensor_model_var_name_fkey FOREIGN KEY (var_name, var_value) REFERENCES t_env_variables_values(var_name, var_value) ON UPDATE CASCADE;


--
-- Name: t_when_is_behaviour_impossible_beh_name_fkey; Type: FK CONSTRAINT; Schema: public; Owner: x721demouser
--

ALTER TABLE ONLY t_when_is_behaviour_impossible
    ADD CONSTRAINT t_when_is_behaviour_impossible_beh_name_fkey FOREIGN KEY (beh_name) REFERENCES t_behaviours(beh_name) ON UPDATE CASCADE;


--
-- Name: t_when_is_behaviour_impossible_var_name_fkey; Type: FK CONSTRAINT; Schema: public; Owner: x721demouser
--

ALTER TABLE ONLY t_when_is_behaviour_impossible
    ADD CONSTRAINT t_when_is_behaviour_impossible_var_name_fkey FOREIGN KEY (var_name, var_value) REFERENCES t_env_variables_values(var_name, var_value) ON UPDATE CASCADE;


--
-- Name: public; Type: ACL; Schema: -; Owner: postgres
--

REVOKE ALL ON SCHEMA public FROM PUBLIC;
REVOKE ALL ON SCHEMA public FROM postgres;
GRANT ALL ON SCHEMA public TO postgres;
GRANT ALL ON SCHEMA public TO PUBLIC;


--
-- PostgreSQL database dump complete
--

