--
-- PostgreSQL database dump
--

SET statement_timeout = 0;
SET client_encoding = 'UTF8';
SET standard_conforming_strings = off;
SET check_function_bodies = false;
SET client_min_messages = warning;
SET escape_string_warning = off;

SET search_path = public, pg_catalog;

SET default_tablespace = '';

SET default_with_oids = false;

--
-- Name: t_abilities; Type: TABLE; Schema: public; Owner: x721demouser; Tablespace: 
--

CREATE TABLE t_abilities (
    abil_name character varying(256) NOT NULL,
    abil_type character varying(256),
    gain_prob real NOT NULL,
    lose_prob real NOT NULL,
    gain_prompt_prob real NOT NULL,
    lose_prompt_prob real NOT NULL,
    abil_initial_prob real NOT NULL,
    abil_prompt_cost real NOT NULL,
    CONSTRAINT "C10: the probability has to be in range [0-1]" CHECK (((lose_prompt_prob >= (0)::double precision) AND (lose_prompt_prob <= (1)::double precision))),
    CONSTRAINT "C11: the probability has to be in range [0-1]" CHECK (((abil_initial_prob >= (0)::double precision) AND (abil_initial_prob <= (1)::double precision))),
    CONSTRAINT "C25: non-negative value required (costs are minimised)" CHECK ((abil_prompt_cost >= (0)::double precision)),
    CONSTRAINT "C6: only alphanumeric characters and the underscore are allowed" CHECK (((abil_name)::text ~* '^[a-z_0-9]+$'::text)),
    CONSTRAINT "C7: the probability has to be in range [0-1]" CHECK (((gain_prob >= (0)::double precision) AND (gain_prob <= (1)::double precision))),
    CONSTRAINT "C8: the probability has to be in range [0-1]" CHECK (((lose_prob >= (0)::double precision) AND (lose_prob <= (1)::double precision))),
    CONSTRAINT "C9: the probability has to be in range [0-1]" CHECK (((gain_prompt_prob >= (0)::double precision) AND (gain_prompt_prob <= (1)::double precision)))
);


ALTER TABLE public.t_abilities OWNER TO x721demouser;

--
-- Name: t_abilities4behaviours; Type: TABLE; Schema: public; Owner: x721demouser; Tablespace: 
--

CREATE TABLE t_abilities4behaviours (
    abil_name character varying(256) NOT NULL,
    beh_name character varying(256) NOT NULL
);


ALTER TABLE public.t_abilities4behaviours OWNER TO x721demouser;

--
-- Name: t_behaviour_sensor_model; Type: TABLE; Schema: public; Owner: x721demouser; Tablespace: 
--

CREATE TABLE t_behaviour_sensor_model (
    obs_name character varying(256) NOT NULL,
    obs_value character varying(256) NOT NULL,
    beh_name character varying(256) NOT NULL,
    probability real NOT NULL,
    CONSTRAINT "C12: the probability has to be in range [0-1]" CHECK (((probability >= (0)::double precision) AND (probability <= (1)::double precision)))
);


ALTER TABLE public.t_behaviour_sensor_model OWNER TO x721demouser;

--
-- Name: t_behaviours; Type: TABLE; Schema: public; Owner: x721demouser; Tablespace: 
--

CREATE TABLE t_behaviours (
    beh_name character varying(256) NOT NULL,
    beh_timeout real DEFAULT 0.0,
    CONSTRAINT "C4: only alphanumeric characters and the underscore are allowed" CHECK (((beh_name)::text ~* '^[a-z_0-9]+$'::text)),
    CONSTRAINT "C5: non-negative value required" CHECK ((beh_timeout >= (0)::double precision))
);


ALTER TABLE public.t_behaviours OWNER TO x721demouser;

--
-- Name: t_default_probabilities4abilities; Type: TABLE; Schema: public; Owner: x721demouser; Tablespace: 
--

CREATE TABLE t_default_probabilities4abilities (
    dementia_type character varying(256) NOT NULL,
    abil_type character varying(256) NOT NULL,
    gain_prob real NOT NULL,
    lose_prob real NOT NULL,
    gain_prompt_prob real NOT NULL,
    lose_prompt_prob real NOT NULL,
    CONSTRAINT "C17: the probability has to be in range [0-1]" CHECK (((gain_prob >= (0)::double precision) AND (gain_prob <= (1)::double precision))),
    CONSTRAINT "C18: the probability has to be in range [0-1]" CHECK (((lose_prob >= (0)::double precision) AND (lose_prob <= (1)::double precision))),
    CONSTRAINT "C19: the probability has to be in range [0-1]" CHECK (((gain_prompt_prob >= (0)::double precision) AND (gain_prompt_prob <= (1)::double precision))),
    CONSTRAINT "C20: the probability has to be in range [0-1]" CHECK (((lose_prompt_prob >= (0)::double precision) AND (lose_prompt_prob <= (1)::double precision)))
);


ALTER TABLE public.t_default_probabilities4abilities OWNER TO x721demouser;

--
-- Name: t_effects_of_behaviours; Type: TABLE; Schema: public; Owner: x721demouser; Tablespace: 
--

CREATE TABLE t_effects_of_behaviours (
    beh_effect_id integer NOT NULL,
    var_name character varying(256),
    var_value character varying(256),
    beh_name character varying(256)
);


ALTER TABLE public.t_effects_of_behaviours OWNER TO x721demouser;

--
-- Name: t_effects_of_behaviours_beh_effect_id_seq; Type: SEQUENCE; Schema: public; Owner: x721demouser
--

CREATE SEQUENCE t_effects_of_behaviours_beh_effect_id_seq
    START WITH 1
    INCREMENT BY 1
    NO MAXVALUE
    NO MINVALUE
    CACHE 1;


ALTER TABLE public.t_effects_of_behaviours_beh_effect_id_seq OWNER TO x721demouser;

--
-- Name: t_effects_of_behaviours_beh_effect_id_seq; Type: SEQUENCE OWNED BY; Schema: public; Owner: x721demouser
--

ALTER SEQUENCE t_effects_of_behaviours_beh_effect_id_seq OWNED BY t_effects_of_behaviours.beh_effect_id;


--
-- Name: t_effects_of_behaviours_beh_effect_id_seq; Type: SEQUENCE SET; Schema: public; Owner: x721demouser
--

SELECT pg_catalog.setval('t_effects_of_behaviours_beh_effect_id_seq', 1, false);


--
-- Name: t_env_variables_values; Type: TABLE; Schema: public; Owner: x721demouser; Tablespace: 
--

CREATE TABLE t_env_variables_values (
    var_name character varying(256) NOT NULL,
    var_value character varying(256) NOT NULL,
    var_value_initial_prob real NOT NULL,
    CONSTRAINT "C1: only alphanumeric characters and the underscore are allowed" CHECK (((var_name)::text ~* '^[a-z_0-9]+$'::text)),
    CONSTRAINT "C2: only alphanumeric characters and the underscore are allowed" CHECK (((var_value)::text ~* '^[a-z_0-9]+$'::text)),
    CONSTRAINT "C3: the probability has to be in range [0-1]" CHECK (((var_value_initial_prob >= (0)::double precision) AND (var_value_initial_prob <= (1)::double precision)))
);


ALTER TABLE public.t_env_variables_values OWNER TO x721demouser;

--
-- Name: t_iu_abilities; Type: TABLE; Schema: public; Owner: x721demouser; Tablespace: 
--

CREATE TABLE t_iu_abilities (
    row_id integer NOT NULL,
    abil_name character varying(256) NOT NULL
);


ALTER TABLE public.t_iu_abilities OWNER TO x721demouser;

--
-- Name: t_iu_behaviours; Type: TABLE; Schema: public; Owner: x721demouser; Tablespace: 
--

CREATE TABLE t_iu_behaviours (
    row_id integer NOT NULL,
    beh_name character varying(256) NOT NULL
);


ALTER TABLE public.t_iu_behaviours OWNER TO x721demouser;

--
-- Name: t_iu_goals; Type: TABLE; Schema: public; Owner: x721demouser; Tablespace: 
--

CREATE TABLE t_iu_goals (
    row_id integer NOT NULL,
    var_name character varying(256) NOT NULL,
    var_value character varying(256) NOT NULL
);


ALTER TABLE public.t_iu_goals OWNER TO x721demouser;

--
-- Name: t_iu_row; Type: TABLE; Schema: public; Owner: x721demouser; Tablespace: 
--

CREATE TABLE t_iu_row (
    row_id integer NOT NULL,
    data_row boolean DEFAULT true NOT NULL,
    row_probability real DEFAULT 1.0,
    row_confirmed boolean DEFAULT true NOT NULL,
    CONSTRAINT "C14: the probability in the range [0-1] required" CHECK (((row_probability >= (0)::double precision) AND (row_probability <= (1)::double precision)))
);


ALTER TABLE public.t_iu_row OWNER TO x721demouser;

--
-- Name: t_iu_task_states; Type: TABLE; Schema: public; Owner: x721demouser; Tablespace: 
--

CREATE TABLE t_iu_task_states (
    row_id integer NOT NULL,
    var_name character varying(256) NOT NULL,
    var_value character varying(256) NOT NULL
);


ALTER TABLE public.t_iu_task_states OWNER TO x721demouser;

--
-- Name: t_observations_values; Type: TABLE; Schema: public; Owner: x721demouser; Tablespace: 
--

CREATE TABLE t_observations_values (
    obs_name character varying(256) NOT NULL,
    obs_value character varying(256) NOT NULL,
    CONSTRAINT "C15: only alphanumeric characters and underscore are allowed" CHECK (((obs_name)::text ~* '^[a-z_0-9]+$'::text)),
    CONSTRAINT "C16: only alphanumeric characters and underscore are allowed" CHECK (((obs_value)::text ~* '^[a-z_0-9]+$'::text))
);


ALTER TABLE public.t_observations_values OWNER TO x721demouser;

--
-- Name: t_preconditions4effects_of_behaviours; Type: TABLE; Schema: public; Owner: x721demouser; Tablespace: 
--

CREATE TABLE t_preconditions4effects_of_behaviours (
    beh_effect_id integer NOT NULL,
    var_name character varying(256) NOT NULL,
    var_value character varying(256)
);


ALTER TABLE public.t_preconditions4effects_of_behaviours OWNER TO x721demouser;

--
-- Name: t_preconditions4effects_of_behaviours_beh_effect_id_seq; Type: SEQUENCE; Schema: public; Owner: x721demouser
--

CREATE SEQUENCE t_preconditions4effects_of_behaviours_beh_effect_id_seq
    START WITH 1
    INCREMENT BY 1
    NO MAXVALUE
    NO MINVALUE
    CACHE 1;


ALTER TABLE public.t_preconditions4effects_of_behaviours_beh_effect_id_seq OWNER TO x721demouser;

--
-- Name: t_preconditions4effects_of_behaviours_beh_effect_id_seq; Type: SEQUENCE OWNED BY; Schema: public; Owner: x721demouser
--

ALTER SEQUENCE t_preconditions4effects_of_behaviours_beh_effect_id_seq OWNED BY t_preconditions4effects_of_behaviours.beh_effect_id;


--
-- Name: t_preconditions4effects_of_behaviours_beh_effect_id_seq; Type: SEQUENCE SET; Schema: public; Owner: x721demouser
--

SELECT pg_catalog.setval('t_preconditions4effects_of_behaviours_beh_effect_id_seq', 1, false);


--
-- Name: t_rewards; Type: TABLE; Schema: public; Owner: x721demouser; Tablespace: 
--

CREATE TABLE t_rewards (
    state_set_id integer NOT NULL,
    reward_value real NOT NULL,
    CONSTRAINT "C26: non-negative value required (rewards are maximised)" CHECK ((reward_value >= (0)::double precision))
);


ALTER TABLE public.t_rewards OWNER TO x721demouser;

--
-- Name: t_rewards_desc; Type: TABLE; Schema: public; Owner: x721demouser; Tablespace: 
--

CREATE TABLE t_rewards_desc (
    state_set_id integer NOT NULL,
    var_name character varying(256) NOT NULL,
    var_value character varying(256)
);


ALTER TABLE public.t_rewards_desc OWNER TO x721demouser;

--
-- Name: t_rewards_desc_state_set_id_seq; Type: SEQUENCE; Schema: public; Owner: x721demouser
--

CREATE SEQUENCE t_rewards_desc_state_set_id_seq
    START WITH 1
    INCREMENT BY 1
    NO MAXVALUE
    NO MINVALUE
    CACHE 1;


ALTER TABLE public.t_rewards_desc_state_set_id_seq OWNER TO x721demouser;

--
-- Name: t_rewards_desc_state_set_id_seq; Type: SEQUENCE OWNED BY; Schema: public; Owner: x721demouser
--

ALTER SEQUENCE t_rewards_desc_state_set_id_seq OWNED BY t_rewards_desc.state_set_id;


--
-- Name: t_rewards_desc_state_set_id_seq; Type: SEQUENCE SET; Schema: public; Owner: x721demouser
--

SELECT pg_catalog.setval('t_rewards_desc_state_set_id_seq', 1, false);


--
-- Name: t_rewards_state_set_id_seq; Type: SEQUENCE; Schema: public; Owner: x721demouser
--

CREATE SEQUENCE t_rewards_state_set_id_seq
    START WITH 1
    INCREMENT BY 1
    NO MAXVALUE
    NO MINVALUE
    CACHE 1;


ALTER TABLE public.t_rewards_state_set_id_seq OWNER TO x721demouser;

--
-- Name: t_rewards_state_set_id_seq; Type: SEQUENCE OWNED BY; Schema: public; Owner: x721demouser
--

ALTER SEQUENCE t_rewards_state_set_id_seq OWNED BY t_rewards.state_set_id;


--
-- Name: t_rewards_state_set_id_seq; Type: SEQUENCE SET; Schema: public; Owner: x721demouser
--

SELECT pg_catalog.setval('t_rewards_state_set_id_seq', 1, false);


--
-- Name: t_sensor_model; Type: TABLE; Schema: public; Owner: x721demouser; Tablespace: 
--

CREATE TABLE t_sensor_model (
    obs_name character varying(256) NOT NULL,
    obs_value character varying(256) NOT NULL,
    var_name character varying(256) NOT NULL,
    var_value character varying(256) NOT NULL,
    probability real NOT NULL,
    CONSTRAINT "C12: the probability has to be in range [0-1]" CHECK (((probability >= (0)::double precision) AND (probability <= (1)::double precision)))
);


ALTER TABLE public.t_sensor_model OWNER TO x721demouser;

--
-- Name: t_types_of_abilities; Type: TABLE; Schema: public; Owner: x721demouser; Tablespace: 
--

CREATE TABLE t_types_of_abilities (
    abil_type character varying(256) NOT NULL,
    CONSTRAINT "C23: only alphanumeric characters and underscore are allowed" CHECK (((abil_type)::text ~* '^[a-z_0-9]+$'::text))
);


ALTER TABLE public.t_types_of_abilities OWNER TO x721demouser;

--
-- Name: t_types_of_dementia; Type: TABLE; Schema: public; Owner: x721demouser; Tablespace: 
--

CREATE TABLE t_types_of_dementia (
    dementia_type character varying(256) NOT NULL,
    CONSTRAINT "C24: only alphanumeric characters and underscore are allowed" CHECK (((dementia_type)::text ~* '^[a-z_0-9]+$'::text))
);


ALTER TABLE public.t_types_of_dementia OWNER TO x721demouser;

--
-- Name: t_when_is_behaviour_impossible; Type: TABLE; Schema: public; Owner: x721demouser; Tablespace: 
--

CREATE TABLE t_when_is_behaviour_impossible (
    state_set_id integer NOT NULL,
    beh_name character varying(256) NOT NULL,
    var_name character varying(256) NOT NULL,
    var_value character varying(256)
);


ALTER TABLE public.t_when_is_behaviour_impossible OWNER TO x721demouser;

--
-- Name: t_when_is_behaviour_impossible_state_set_id_seq; Type: SEQUENCE; Schema: public; Owner: x721demouser
--

CREATE SEQUENCE t_when_is_behaviour_impossible_state_set_id_seq
    START WITH 1
    INCREMENT BY 1
    NO MAXVALUE
    NO MINVALUE
    CACHE 1;


ALTER TABLE public.t_when_is_behaviour_impossible_state_set_id_seq OWNER TO x721demouser;

--
-- Name: t_when_is_behaviour_impossible_state_set_id_seq; Type: SEQUENCE OWNED BY; Schema: public; Owner: x721demouser
--

ALTER SEQUENCE t_when_is_behaviour_impossible_state_set_id_seq OWNED BY t_when_is_behaviour_impossible.state_set_id;


--
-- Name: t_when_is_behaviour_impossible_state_set_id_seq; Type: SEQUENCE SET; Schema: public; Owner: x721demouser
--

SELECT pg_catalog.setval('t_when_is_behaviour_impossible_state_set_id_seq', 1, false);


--
-- Name: t_when_is_behaviour_relevant; Type: TABLE; Schema: public; Owner: x721demouser; Tablespace: 
--

CREATE TABLE t_when_is_behaviour_relevant (
    state_set_id integer NOT NULL,
    beh_name character varying(256) NOT NULL,
    var_name character varying(256) NOT NULL,
    var_value character varying(256)
);


ALTER TABLE public.t_when_is_behaviour_relevant OWNER TO x721demouser;

--
-- Name: t_when_is_behaviour_relevant_state_set_id_seq; Type: SEQUENCE; Schema: public; Owner: x721demouser
--

CREATE SEQUENCE t_when_is_behaviour_relevant_state_set_id_seq
    START WITH 1
    INCREMENT BY 1
    NO MAXVALUE
    NO MINVALUE
    CACHE 1;


ALTER TABLE public.t_when_is_behaviour_relevant_state_set_id_seq OWNER TO x721demouser;

--
-- Name: t_when_is_behaviour_relevant_state_set_id_seq; Type: SEQUENCE OWNED BY; Schema: public; Owner: x721demouser
--

ALTER SEQUENCE t_when_is_behaviour_relevant_state_set_id_seq OWNED BY t_when_is_behaviour_relevant.state_set_id;


--
-- Name: t_when_is_behaviour_relevant_state_set_id_seq; Type: SEQUENCE SET; Schema: public; Owner: x721demouser
--

SELECT pg_catalog.setval('t_when_is_behaviour_relevant_state_set_id_seq', 1, false);


--
-- Name: beh_effect_id; Type: DEFAULT; Schema: public; Owner: x721demouser
--

ALTER TABLE ONLY t_effects_of_behaviours ALTER COLUMN beh_effect_id SET DEFAULT nextval('t_effects_of_behaviours_beh_effect_id_seq'::regclass);


--
-- Name: beh_effect_id; Type: DEFAULT; Schema: public; Owner: x721demouser
--

ALTER TABLE ONLY t_preconditions4effects_of_behaviours ALTER COLUMN beh_effect_id SET DEFAULT nextval('t_preconditions4effects_of_behaviours_beh_effect_id_seq'::regclass);


--
-- Name: state_set_id; Type: DEFAULT; Schema: public; Owner: x721demouser
--

ALTER TABLE ONLY t_rewards ALTER COLUMN state_set_id SET DEFAULT nextval('t_rewards_state_set_id_seq'::regclass);


--
-- Name: state_set_id; Type: DEFAULT; Schema: public; Owner: x721demouser
--

ALTER TABLE ONLY t_rewards_desc ALTER COLUMN state_set_id SET DEFAULT nextval('t_rewards_desc_state_set_id_seq'::regclass);


--
-- Name: state_set_id; Type: DEFAULT; Schema: public; Owner: x721demouser
--

ALTER TABLE ONLY t_when_is_behaviour_impossible ALTER COLUMN state_set_id SET DEFAULT nextval('t_when_is_behaviour_impossible_state_set_id_seq'::regclass);


--
-- Name: state_set_id; Type: DEFAULT; Schema: public; Owner: x721demouser
--

ALTER TABLE ONLY t_when_is_behaviour_relevant ALTER COLUMN state_set_id SET DEFAULT nextval('t_when_is_behaviour_relevant_state_set_id_seq'::regclass);


--
-- Data for Name: t_abilities; Type: TABLE DATA; Schema: public; Owner: x721demouser
--

COPY t_abilities (abil_name, abil_type, gain_prob, lose_prob, gain_prompt_prob, lose_prompt_prob, abil_initial_prob, abil_prompt_cost) FROM stdin;
Af_cup	affordance	0.40000001	0.2	0.94999999	0.001	0.80000001	1
Af_put_brush_in_cup	affordance	0.40000001	0.2	0.94999999	0.001	0.80000001	1
Af_put_tube_in_cup	affordance	0.40000001	0.2	0.94999999	0.001	0.80000001	1
Rn_brush_on_surface	recognition	0.5	0.1	0.94999999	0.001	0.94999999	1
Rn_tube_on_surface	recognition	0.5	0.1	0.94999999	0.001	0.94999999	1
\.


--
-- Data for Name: t_abilities4behaviours; Type: TABLE DATA; Schema: public; Owner: x721demouser
--

COPY t_abilities4behaviours (abil_name, beh_name) FROM stdin;
\.


--
-- Data for Name: t_behaviour_sensor_model; Type: TABLE DATA; Schema: public; Owner: x721demouser
--

COPY t_behaviour_sensor_model (obs_name, obs_value, beh_name, probability) FROM stdin;
\.


--
-- Data for Name: t_behaviours; Type: TABLE DATA; Schema: public; Owner: x721demouser
--

COPY t_behaviours (beh_name, beh_timeout) FROM stdin;
other	1000000
nothing	1000000
empty_cup	10
put_brush_in_cup	10
take_tube_from_surface	10
put_tube_in_cup	10
take_brush_from_surface	10
\.


--
-- Data for Name: t_default_probabilities4abilities; Type: TABLE DATA; Schema: public; Owner: x721demouser
--

COPY t_default_probabilities4abilities (dementia_type, abil_type, gain_prob, lose_prob, gain_prompt_prob, lose_prompt_prob) FROM stdin;
light	recognition	0.80000001	0.2	0.99000001	0.0099999998
light	affordance	0.80000001	0.2	0.99000001	0.0099999998
light	recall_step	0.80000001	0.2	0.99000001	0.0099999998
medium	recognition	0.69999999	0.30000001	0.99000001	0.0099999998
medium	affordance	0.69999999	0.30000001	0.99000001	0.0099999998
medium	recall_step	0.60000002	0.40000001	0.99000001	0.0099999998
severe	recognition	0.60000002	0.40000001	0.69999999	0.30000001
severe	affordance	0.60000002	0.40000001	0.69999999	0.30000001
severe	recall_step	0.5	0.5	0.69999999	0.30000001
\.


--
-- Data for Name: t_effects_of_behaviours; Type: TABLE DATA; Schema: public; Owner: x721demouser
--

COPY t_effects_of_behaviours (beh_effect_id, var_name, var_value, beh_name) FROM stdin;
1	cup_c	empty	empty_cup
2	brush_p	IH	take_brush_from_surface
3	brush_p	in_cup	put_brush_in_cup
4	tube_p	on_surface	take_tube_from_surface
5	tube_p	in_cup	put_tube_in_cup
\.


--
-- Data for Name: t_env_variables_values; Type: TABLE DATA; Schema: public; Owner: x721demouser
--

COPY t_env_variables_values (var_name, var_value, var_value_initial_prob) FROM stdin;
tube_p	on_surface	1
tube_p	in_cup	0
tube_p	IH	0
cup_c	filled	1
cup_c	empty	0
brush_p	in_cup	0
brush_p	on_surface	0.2
brush_p	IH	0.80000001
\.


--
-- Data for Name: t_iu_abilities; Type: TABLE DATA; Schema: public; Owner: x721demouser
--

COPY t_iu_abilities (row_id, abil_name) FROM stdin;
8	Rn_tube_on_surface
12	Rn_tube_on_surface
4	Rn_tube_on_surface
3	Af_cup
2	Af_cup
1	Af_cup
7	Af_cup
6	Af_cup
5	Af_cup
11	Af_cup
10	Af_cup
9	Af_cup
14	Rn_brush_on_surface
13	Rn_brush_on_surface
16	Af_put_tube_in_cup
15	Af_put_tube_in_cup
27	Rn_brush_on_surface
26	Rn_brush_on_surface
25	Rn_brush_on_surface
24	Rn_tube_on_surface
23	Rn_tube_on_surface
22	Rn_tube_on_surface
21	Rn_brush_on_surface
20	Af_put_tube_in_cup
19	Af_put_brush_in_cup
18	Af_put_brush_in_cup
17	Af_put_brush_in_cup
\.


--
-- Data for Name: t_iu_behaviours; Type: TABLE DATA; Schema: public; Owner: x721demouser
--

COPY t_iu_behaviours (row_id, beh_name) FROM stdin;
4	take_tube_from_surface
8	take_tube_from_surface
7	empty_cup
6	empty_cup
5	empty_cup
3	empty_cup
2	empty_cup
1	empty_cup
12	take_tube_from_surface
11	empty_cup
10	empty_cup
9	empty_cup
14	take_brush_from_surface
13	take_brush_from_surface
16	put_tube_in_cup
15	put_tube_in_cup
27	take_brush_from_surface
26	take_brush_from_surface
25	take_brush_from_surface
24	take_tube_from_surface
23	take_tube_from_surface
22	take_tube_from_surface
21	take_brush_from_surface
20	put_tube_in_cup
19	put_brush_in_cup
18	put_brush_in_cup
17	put_brush_in_cup
\.


--
-- Data for Name: t_iu_goals; Type: TABLE DATA; Schema: public; Owner: x721demouser
--

COPY t_iu_goals (row_id, var_name, var_value) FROM stdin;
4	tube_p	in_cup
4	brush_p	in_cup
8	brush_p	in_cup
8	tube_p	in_cup
12	brush_p	in_cup
12	tube_p	in_cup
3	brush_p	in_cup
3	tube_p	in_cup
2	brush_p	in_cup
2	tube_p	in_cup
1	brush_p	in_cup
1	tube_p	in_cup
16	brush_p	in_cup
16	tube_p	in_cup
15	brush_p	in_cup
15	tube_p	in_cup
23	brush_p	in_cup
23	tube_p	in_cup
22	brush_p	in_cup
22	tube_p	in_cup
20	brush_p	in_cup
20	tube_p	in_cup
7	brush_p	in_cup
7	tube_p	in_cup
6	brush_p	in_cup
6	tube_p	in_cup
5	brush_p	in_cup
5	tube_p	in_cup
25	brush_p	in_cup
25	tube_p	in_cup
24	brush_p	in_cup
24	tube_p	in_cup
19	brush_p	in_cup
19	tube_p	in_cup
18	brush_p	in_cup
18	tube_p	in_cup
17	brush_p	in_cup
17	tube_p	in_cup
11	brush_p	in_cup
11	tube_p	in_cup
10	brush_p	in_cup
10	tube_p	in_cup
9	brush_p	in_cup
9	tube_p	in_cup
14	brush_p	in_cup
14	tube_p	in_cup
13	brush_p	in_cup
13	tube_p	in_cup
21	brush_p	in_cup
21	tube_p	in_cup
27	brush_p	in_cup
27	tube_p	in_cup
26	brush_p	in_cup
26	tube_p	in_cup
\.


--
-- Data for Name: t_iu_row; Type: TABLE DATA; Schema: public; Owner: x721demouser
--

COPY t_iu_row (row_id, data_row, row_probability, row_confirmed) FROM stdin;
1	t	0.33333334	f
26	t	0.5	f
27	t	0.5	f
18	t	1	t
19	t	0.5	f
21	t	0.5	f
20	t	0.5	f
2	t	0.5	f
8	t	0.5	f
6	t	1	t
7	t	1	t
3	t	0.5	f
9	t	0.5	f
12	t	0.5	f
10	t	1	t
11	t	1	t
13	t	0.5	f
22	t	0.5	f
14	t	1	t
15	t	0.5	f
23	t	1	t
4	t	0.33333334	f
25	t	0.33333334	f
5	t	0.5	f
16	t	1	t
17	t	0.5	f
24	t	0.5	f
\.


--
-- Data for Name: t_iu_task_states; Type: TABLE DATA; Schema: public; Owner: x721demouser
--

COPY t_iu_task_states (row_id, var_name, var_value) FROM stdin;
4	brush_p	on_surface
4	cup_c	filled
4	tube_p	on_surface
3	brush_p	on_surface
3	cup_c	filled
3	tube_p	IH
2	brush_p	on_surface
2	cup_c	filled
2	tube_p	in_cup
8	brush_p	in_cup
8	cup_c	filled
8	tube_p	on_surface
1	brush_p	on_surface
1	cup_c	filled
1	tube_p	on_surface
7	brush_p	in_cup
7	cup_c	filled
7	tube_p	IH
6	brush_p	in_cup
6	cup_c	filled
6	tube_p	in_cup
5	brush_p	in_cup
5	cup_c	filled
5	tube_p	on_surface
12	brush_p	IH
12	cup_c	filled
12	tube_p	on_surface
11	brush_p	IH
11	cup_c	filled
11	tube_p	IH
10	brush_p	IH
10	cup_c	filled
10	tube_p	in_cup
9	brush_p	IH
9	cup_c	filled
9	tube_p	on_surface
14	brush_p	on_surface
14	cup_c	empty
14	tube_p	in_cup
13	brush_p	on_surface
13	cup_c	empty
13	tube_p	on_surface
16	brush_p	in_cup
16	cup_c	empty
16	tube_p	IH
15	brush_p	on_surface
15	cup_c	empty
15	tube_p	IH
27	brush_p	on_surface
27	cup_c	filled
27	tube_p	IH
26	brush_p	on_surface
26	cup_c	filled
26	tube_p	in_cup
25	brush_p	on_surface
25	cup_c	filled
25	tube_p	on_surface
24	brush_p	IH
24	cup_c	empty
24	tube_p	on_surface
23	brush_p	in_cup
23	cup_c	empty
23	tube_p	on_surface
22	brush_p	on_surface
22	cup_c	empty
22	tube_p	on_surface
21	brush_p	on_surface
21	cup_c	empty
21	tube_p	IH
20	brush_p	IH
20	cup_c	empty
20	tube_p	IH
19	brush_p	IH
19	cup_c	empty
19	tube_p	IH
18	brush_p	IH
18	cup_c	empty
18	tube_p	in_cup
17	brush_p	IH
17	cup_c	empty
17	tube_p	on_surface
\.


--
-- Data for Name: t_observations_values; Type: TABLE DATA; Schema: public; Owner: x721demouser
--

COPY t_observations_values (obs_name, obs_value) FROM stdin;
brush_position	on_surface
brush_position	IH
brush_position	in_cup
tube_position	on_surface
tube_position	IH
tube_position	in_cup
cup_condition	empty
cup_condition	filled
\.


--
-- Data for Name: t_preconditions4effects_of_behaviours; Type: TABLE DATA; Schema: public; Owner: x721demouser
--

COPY t_preconditions4effects_of_behaviours (beh_effect_id, var_name, var_value) FROM stdin;
1	cup_c	filled
3	cup_c	empty
2	brush_p	on_surface
3	brush_p	IH
4	tube_p	on_surface
5	tube_p	IH
5	cup_c	empty
\.


--
-- Data for Name: t_rewards; Type: TABLE DATA; Schema: public; Owner: x721demouser
--

COPY t_rewards (state_set_id, reward_value) FROM stdin;
1	15
2	15
\.


--
-- Data for Name: t_rewards_desc; Type: TABLE DATA; Schema: public; Owner: x721demouser
--

COPY t_rewards_desc (state_set_id, var_name, var_value) FROM stdin;
1	brush_p	in_cup
2	tube_p	in_cup
\.


--
-- Data for Name: t_sensor_model; Type: TABLE DATA; Schema: public; Owner: x721demouser
--

COPY t_sensor_model (obs_name, obs_value, var_name, var_value, probability) FROM stdin;
tube_position	IH	tube_p	IH	0.94999999
tube_position	in_cup	tube_p	in_cup	0.94999999
tube_position	on_surface	tube_p	on_surface	0.94999999
tube_position	on_surface	tube_p	IH	0.050000001
tube_position	on_surface	tube_p	in_cup	0.050000001
tube_position	IH	tube_p	in_cup	0.050000001
tube_position	IH	tube_p	on_surface	0.050000001
tube_position	in_cup	tube_p	on_surface	0.050000001
tube_position	in_cup	tube_p	IH	0.050000001
brush_position	in_cup	brush_p	IH	0.050000001
brush_position	in_cup	brush_p	on_surface	0.050000001
brush_position	IH	brush_p	on_surface	0.050000001
brush_position	IH	brush_p	in_cup	0.050000001
brush_position	on_surface	brush_p	in_cup	0.050000001
brush_position	on_surface	brush_p	IH	0.050000001
brush_position	on_surface	brush_p	on_surface	0.94999999
brush_position	IH	brush_p	IH	0.94999999
brush_position	in_cup	brush_p	in_cup	0.94999999
cup_condition	empty	cup_c	empty	0.94999999
cup_condition	empty	cup_c	filled	0.050000001
cup_condition	filled	cup_c	empty	0.050000001
cup_condition	filled	cup_c	filled	0.94999999
\.


--
-- Data for Name: t_types_of_abilities; Type: TABLE DATA; Schema: public; Owner: x721demouser
--

COPY t_types_of_abilities (abil_type) FROM stdin;
recognition
affordance
recall_step
\.


--
-- Data for Name: t_types_of_dementia; Type: TABLE DATA; Schema: public; Owner: x721demouser
--

COPY t_types_of_dementia (dementia_type) FROM stdin;
light
medium
severe
\.


--
-- Data for Name: t_when_is_behaviour_impossible; Type: TABLE DATA; Schema: public; Owner: x721demouser
--

COPY t_when_is_behaviour_impossible (state_set_id, beh_name, var_name, var_value) FROM stdin;
\.


--
-- Data for Name: t_when_is_behaviour_relevant; Type: TABLE DATA; Schema: public; Owner: x721demouser
--

COPY t_when_is_behaviour_relevant (state_set_id, beh_name, var_name, var_value) FROM stdin;
\.


--
-- Name: t_abilities4behaviours_pkey; Type: CONSTRAINT; Schema: public; Owner: x721demouser; Tablespace: 
--

ALTER TABLE ONLY t_abilities4behaviours
    ADD CONSTRAINT t_abilities4behaviours_pkey PRIMARY KEY (abil_name, beh_name);


--
-- Name: t_abilities_pkey; Type: CONSTRAINT; Schema: public; Owner: x721demouser; Tablespace: 
--

ALTER TABLE ONLY t_abilities
    ADD CONSTRAINT t_abilities_pkey PRIMARY KEY (abil_name);


--
-- Name: t_behaviour_sensor_model_pkey; Type: CONSTRAINT; Schema: public; Owner: x721demouser; Tablespace: 
--

ALTER TABLE ONLY t_behaviour_sensor_model
    ADD CONSTRAINT t_behaviour_sensor_model_pkey PRIMARY KEY (obs_name, obs_value, beh_name);


--
-- Name: t_behaviours_pkey; Type: CONSTRAINT; Schema: public; Owner: x721demouser; Tablespace: 
--

ALTER TABLE ONLY t_behaviours
    ADD CONSTRAINT t_behaviours_pkey PRIMARY KEY (beh_name);


--
-- Name: t_default_probabilities4abilities_pkey; Type: CONSTRAINT; Schema: public; Owner: x721demouser; Tablespace: 
--

ALTER TABLE ONLY t_default_probabilities4abilities
    ADD CONSTRAINT t_default_probabilities4abilities_pkey PRIMARY KEY (dementia_type, abil_type);


--
-- Name: t_effects_of_behaviours_pkey; Type: CONSTRAINT; Schema: public; Owner: x721demouser; Tablespace: 
--

ALTER TABLE ONLY t_effects_of_behaviours
    ADD CONSTRAINT t_effects_of_behaviours_pkey PRIMARY KEY (beh_effect_id);


--
-- Name: t_env_variables_values_pkey; Type: CONSTRAINT; Schema: public; Owner: x721demouser; Tablespace: 
--

ALTER TABLE ONLY t_env_variables_values
    ADD CONSTRAINT t_env_variables_values_pkey PRIMARY KEY (var_name, var_value);


--
-- Name: t_iu_abilities_pkey; Type: CONSTRAINT; Schema: public; Owner: x721demouser; Tablespace: 
--

ALTER TABLE ONLY t_iu_abilities
    ADD CONSTRAINT t_iu_abilities_pkey PRIMARY KEY (row_id, abil_name);


--
-- Name: t_iu_behaviours_pkey; Type: CONSTRAINT; Schema: public; Owner: x721demouser; Tablespace: 
--

ALTER TABLE ONLY t_iu_behaviours
    ADD CONSTRAINT t_iu_behaviours_pkey PRIMARY KEY (row_id, beh_name);


--
-- Name: t_iu_goals_pkey; Type: CONSTRAINT; Schema: public; Owner: x721demouser; Tablespace: 
--

ALTER TABLE ONLY t_iu_goals
    ADD CONSTRAINT t_iu_goals_pkey PRIMARY KEY (row_id, var_name, var_value);


--
-- Name: t_iu_row_pkey; Type: CONSTRAINT; Schema: public; Owner: x721demouser; Tablespace: 
--

ALTER TABLE ONLY t_iu_row
    ADD CONSTRAINT t_iu_row_pkey PRIMARY KEY (row_id);


--
-- Name: t_iu_task_states_pkey; Type: CONSTRAINT; Schema: public; Owner: x721demouser; Tablespace: 
--

ALTER TABLE ONLY t_iu_task_states
    ADD CONSTRAINT t_iu_task_states_pkey PRIMARY KEY (row_id, var_name, var_value);


--
-- Name: t_observations_values_pkey; Type: CONSTRAINT; Schema: public; Owner: x721demouser; Tablespace: 
--

ALTER TABLE ONLY t_observations_values
    ADD CONSTRAINT t_observations_values_pkey PRIMARY KEY (obs_name, obs_value);


--
-- Name: t_preconditions4effects_of_behaviours_pkey; Type: CONSTRAINT; Schema: public; Owner: x721demouser; Tablespace: 
--

ALTER TABLE ONLY t_preconditions4effects_of_behaviours
    ADD CONSTRAINT t_preconditions4effects_of_behaviours_pkey PRIMARY KEY (beh_effect_id, var_name);


--
-- Name: t_rewards_desc_pkey; Type: CONSTRAINT; Schema: public; Owner: x721demouser; Tablespace: 
--

ALTER TABLE ONLY t_rewards_desc
    ADD CONSTRAINT t_rewards_desc_pkey PRIMARY KEY (state_set_id, var_name);


--
-- Name: t_rewards_pkey; Type: CONSTRAINT; Schema: public; Owner: x721demouser; Tablespace: 
--

ALTER TABLE ONLY t_rewards
    ADD CONSTRAINT t_rewards_pkey PRIMARY KEY (state_set_id);


--
-- Name: t_sensor_model_pkey; Type: CONSTRAINT; Schema: public; Owner: x721demouser; Tablespace: 
--

ALTER TABLE ONLY t_sensor_model
    ADD CONSTRAINT t_sensor_model_pkey PRIMARY KEY (obs_name, obs_value, var_name, var_value);


--
-- Name: t_types_of_abilities_pkey; Type: CONSTRAINT; Schema: public; Owner: x721demouser; Tablespace: 
--

ALTER TABLE ONLY t_types_of_abilities
    ADD CONSTRAINT t_types_of_abilities_pkey PRIMARY KEY (abil_type);


--
-- Name: t_types_of_dementia_pkey; Type: CONSTRAINT; Schema: public; Owner: x721demouser; Tablespace: 
--

ALTER TABLE ONLY t_types_of_dementia
    ADD CONSTRAINT t_types_of_dementia_pkey PRIMARY KEY (dementia_type);


--
-- Name: t_when_is_behaviour_impossible_pkey; Type: CONSTRAINT; Schema: public; Owner: x721demouser; Tablespace: 
--

ALTER TABLE ONLY t_when_is_behaviour_impossible
    ADD CONSTRAINT t_when_is_behaviour_impossible_pkey PRIMARY KEY (state_set_id, beh_name, var_name);


--
-- Name: t_when_is_behaviour_relevant_pkey; Type: CONSTRAINT; Schema: public; Owner: x721demouser; Tablespace: 
--

ALTER TABLE ONLY t_when_is_behaviour_relevant
    ADD CONSTRAINT t_when_is_behaviour_relevant_pkey PRIMARY KEY (state_set_id, beh_name, var_name);


--
-- Name: t_abilities4behaviours_abil_name_fkey; Type: FK CONSTRAINT; Schema: public; Owner: x721demouser
--

ALTER TABLE ONLY t_abilities4behaviours
    ADD CONSTRAINT t_abilities4behaviours_abil_name_fkey FOREIGN KEY (abil_name) REFERENCES t_abilities(abil_name) ON UPDATE CASCADE;


--
-- Name: t_abilities4behaviours_beh_name_fkey; Type: FK CONSTRAINT; Schema: public; Owner: x721demouser
--

ALTER TABLE ONLY t_abilities4behaviours
    ADD CONSTRAINT t_abilities4behaviours_beh_name_fkey FOREIGN KEY (beh_name) REFERENCES t_behaviours(beh_name) ON UPDATE CASCADE;


--
-- Name: t_abilities_abil_type_fkey; Type: FK CONSTRAINT; Schema: public; Owner: x721demouser
--

ALTER TABLE ONLY t_abilities
    ADD CONSTRAINT t_abilities_abil_type_fkey FOREIGN KEY (abil_type) REFERENCES t_types_of_abilities(abil_type) ON UPDATE CASCADE;


--
-- Name: t_behaviour_sensor_model_beh_name_fkey; Type: FK CONSTRAINT; Schema: public; Owner: x721demouser
--

ALTER TABLE ONLY t_behaviour_sensor_model
    ADD CONSTRAINT t_behaviour_sensor_model_beh_name_fkey FOREIGN KEY (beh_name) REFERENCES t_behaviours(beh_name) ON UPDATE CASCADE;


--
-- Name: t_behaviour_sensor_model_obs_name_fkey; Type: FK CONSTRAINT; Schema: public; Owner: x721demouser
--

ALTER TABLE ONLY t_behaviour_sensor_model
    ADD CONSTRAINT t_behaviour_sensor_model_obs_name_fkey FOREIGN KEY (obs_name, obs_value) REFERENCES t_observations_values(obs_name, obs_value) ON UPDATE CASCADE;


--
-- Name: t_default_probabilities4abilities_abil_type_fkey; Type: FK CONSTRAINT; Schema: public; Owner: x721demouser
--

ALTER TABLE ONLY t_default_probabilities4abilities
    ADD CONSTRAINT t_default_probabilities4abilities_abil_type_fkey FOREIGN KEY (abil_type) REFERENCES t_types_of_abilities(abil_type) ON UPDATE CASCADE;


--
-- Name: t_default_probabilities4abilities_dementia_type_fkey; Type: FK CONSTRAINT; Schema: public; Owner: x721demouser
--

ALTER TABLE ONLY t_default_probabilities4abilities
    ADD CONSTRAINT t_default_probabilities4abilities_dementia_type_fkey FOREIGN KEY (dementia_type) REFERENCES t_types_of_dementia(dementia_type) ON UPDATE CASCADE;


--
-- Name: t_effects_of_behaviours_beh_name_fkey; Type: FK CONSTRAINT; Schema: public; Owner: x721demouser
--

ALTER TABLE ONLY t_effects_of_behaviours
    ADD CONSTRAINT t_effects_of_behaviours_beh_name_fkey FOREIGN KEY (beh_name) REFERENCES t_behaviours(beh_name) ON UPDATE CASCADE;


--
-- Name: t_effects_of_behaviours_var_name_fkey; Type: FK CONSTRAINT; Schema: public; Owner: x721demouser
--

ALTER TABLE ONLY t_effects_of_behaviours
    ADD CONSTRAINT t_effects_of_behaviours_var_name_fkey FOREIGN KEY (var_name, var_value) REFERENCES t_env_variables_values(var_name, var_value) ON UPDATE CASCADE;


--
-- Name: t_iu_abilities_abil_name_fkey; Type: FK CONSTRAINT; Schema: public; Owner: x721demouser
--

ALTER TABLE ONLY t_iu_abilities
    ADD CONSTRAINT t_iu_abilities_abil_name_fkey FOREIGN KEY (abil_name) REFERENCES t_abilities(abil_name) ON UPDATE CASCADE;


--
-- Name: t_iu_abilities_row_id_fkey; Type: FK CONSTRAINT; Schema: public; Owner: x721demouser
--

ALTER TABLE ONLY t_iu_abilities
    ADD CONSTRAINT t_iu_abilities_row_id_fkey FOREIGN KEY (row_id) REFERENCES t_iu_row(row_id) ON UPDATE CASCADE;


--
-- Name: t_iu_behaviours_beh_name_fkey; Type: FK CONSTRAINT; Schema: public; Owner: x721demouser
--

ALTER TABLE ONLY t_iu_behaviours
    ADD CONSTRAINT t_iu_behaviours_beh_name_fkey FOREIGN KEY (beh_name) REFERENCES t_behaviours(beh_name) ON UPDATE CASCADE;


--
-- Name: t_iu_behaviours_row_id_fkey; Type: FK CONSTRAINT; Schema: public; Owner: x721demouser
--

ALTER TABLE ONLY t_iu_behaviours
    ADD CONSTRAINT t_iu_behaviours_row_id_fkey FOREIGN KEY (row_id) REFERENCES t_iu_row(row_id) ON UPDATE CASCADE;


--
-- Name: t_iu_goals_row_id_fkey; Type: FK CONSTRAINT; Schema: public; Owner: x721demouser
--

ALTER TABLE ONLY t_iu_goals
    ADD CONSTRAINT t_iu_goals_row_id_fkey FOREIGN KEY (row_id) REFERENCES t_iu_row(row_id) ON UPDATE CASCADE;


--
-- Name: t_iu_goals_var_name_fkey; Type: FK CONSTRAINT; Schema: public; Owner: x721demouser
--

ALTER TABLE ONLY t_iu_goals
    ADD CONSTRAINT t_iu_goals_var_name_fkey FOREIGN KEY (var_name, var_value) REFERENCES t_env_variables_values(var_name, var_value) ON UPDATE CASCADE;


--
-- Name: t_iu_task_states_row_id_fkey; Type: FK CONSTRAINT; Schema: public; Owner: x721demouser
--

ALTER TABLE ONLY t_iu_task_states
    ADD CONSTRAINT t_iu_task_states_row_id_fkey FOREIGN KEY (row_id) REFERENCES t_iu_row(row_id) ON UPDATE CASCADE;


--
-- Name: t_iu_task_states_var_name_fkey; Type: FK CONSTRAINT; Schema: public; Owner: x721demouser
--

ALTER TABLE ONLY t_iu_task_states
    ADD CONSTRAINT t_iu_task_states_var_name_fkey FOREIGN KEY (var_name, var_value) REFERENCES t_env_variables_values(var_name, var_value) ON UPDATE CASCADE;


--
-- Name: t_preconditions4effects_of_behaviours_beh_effect_id_fkey; Type: FK CONSTRAINT; Schema: public; Owner: x721demouser
--

ALTER TABLE ONLY t_preconditions4effects_of_behaviours
    ADD CONSTRAINT t_preconditions4effects_of_behaviours_beh_effect_id_fkey FOREIGN KEY (beh_effect_id) REFERENCES t_effects_of_behaviours(beh_effect_id) ON UPDATE CASCADE;


--
-- Name: t_preconditions4effects_of_behaviours_var_name_fkey; Type: FK CONSTRAINT; Schema: public; Owner: x721demouser
--

ALTER TABLE ONLY t_preconditions4effects_of_behaviours
    ADD CONSTRAINT t_preconditions4effects_of_behaviours_var_name_fkey FOREIGN KEY (var_name, var_value) REFERENCES t_env_variables_values(var_name, var_value) ON UPDATE CASCADE;


--
-- Name: t_rewards_desc_state_set_id_fkey; Type: FK CONSTRAINT; Schema: public; Owner: x721demouser
--

ALTER TABLE ONLY t_rewards_desc
    ADD CONSTRAINT t_rewards_desc_state_set_id_fkey FOREIGN KEY (state_set_id) REFERENCES t_rewards(state_set_id) ON UPDATE CASCADE;


--
-- Name: t_rewards_desc_var_name_fkey; Type: FK CONSTRAINT; Schema: public; Owner: x721demouser
--

ALTER TABLE ONLY t_rewards_desc
    ADD CONSTRAINT t_rewards_desc_var_name_fkey FOREIGN KEY (var_name, var_value) REFERENCES t_env_variables_values(var_name, var_value) ON UPDATE CASCADE;


--
-- Name: t_sensor_model_obs_name_fkey; Type: FK CONSTRAINT; Schema: public; Owner: x721demouser
--

ALTER TABLE ONLY t_sensor_model
    ADD CONSTRAINT t_sensor_model_obs_name_fkey FOREIGN KEY (obs_name, obs_value) REFERENCES t_observations_values(obs_name, obs_value) ON UPDATE CASCADE;


--
-- Name: t_sensor_model_var_name_fkey; Type: FK CONSTRAINT; Schema: public; Owner: x721demouser
--

ALTER TABLE ONLY t_sensor_model
    ADD CONSTRAINT t_sensor_model_var_name_fkey FOREIGN KEY (var_name, var_value) REFERENCES t_env_variables_values(var_name, var_value) ON UPDATE CASCADE;


--
-- Name: t_when_is_behaviour_impossible_beh_name_fkey; Type: FK CONSTRAINT; Schema: public; Owner: x721demouser
--

ALTER TABLE ONLY t_when_is_behaviour_impossible
    ADD CONSTRAINT t_when_is_behaviour_impossible_beh_name_fkey FOREIGN KEY (beh_name) REFERENCES t_behaviours(beh_name) ON UPDATE CASCADE;


--
-- Name: t_when_is_behaviour_impossible_var_name_fkey; Type: FK CONSTRAINT; Schema: public; Owner: x721demouser
--

ALTER TABLE ONLY t_when_is_behaviour_impossible
    ADD CONSTRAINT t_when_is_behaviour_impossible_var_name_fkey FOREIGN KEY (var_name, var_value) REFERENCES t_env_variables_values(var_name, var_value) ON UPDATE CASCADE;


--
-- Name: t_when_is_behaviour_relevant_beh_name_fkey; Type: FK CONSTRAINT; Schema: public; Owner: x721demouser
--

ALTER TABLE ONLY t_when_is_behaviour_relevant
    ADD CONSTRAINT t_when_is_behaviour_relevant_beh_name_fkey FOREIGN KEY (beh_name) REFERENCES t_behaviours(beh_name) ON UPDATE CASCADE;


--
-- Name: t_when_is_behaviour_relevant_var_name_fkey; Type: FK CONSTRAINT; Schema: public; Owner: x721demouser
--

ALTER TABLE ONLY t_when_is_behaviour_relevant
    ADD CONSTRAINT t_when_is_behaviour_relevant_var_name_fkey FOREIGN KEY (var_name, var_value) REFERENCES t_env_variables_values(var_name, var_value) ON UPDATE CASCADE;


--
-- Name: public; Type: ACL; Schema: -; Owner: postgres
--

REVOKE ALL ON SCHEMA public FROM PUBLIC;
REVOKE ALL ON SCHEMA public FROM postgres;
GRANT ALL ON SCHEMA public TO postgres;
GRANT ALL ON SCHEMA public TO PUBLIC;


--
-- PostgreSQL database dump complete
--

